Rank,TeamId,TeamName,LastSubmissionDate,Score,SubmissionCount,TeamMemberUserNames
1,8398674,CADang,"2026-08-10 12:04:58",0.96516,3,cadang
2,15300026,"Andrei Calinescu","2026-09-22 18:52:16",0.91045,600,andreicalinescu
3,14316479,ibra-kdbra,"2026-09-05 19:55:46",0.89782,211,ibrakdabra
4,16267921,kenzo06,"2026-09-05 19:55:13",0.89548,210,kenzo06
5,16618943,"Huang Jing Stark","2026-08-26 03:35:20",0.83726,211,huangjingstark
6,16839436,Jimbo,"2026-09-16 00:07:59",0.82768,81,jimmybrown
7,16762410,Genius740Code,"2026-09-11 18:42:00",0.82698,82,gghgg1
8,16746187,"Hai Dang","2026-08-21 03:43:37",0.82277,20,haidang2405
9,10534604,"नरेश कोपरखैरणे Naresh","2026-08-09 22:44:24",0.82183,1,nakkaggle
10,16560692,"Saharsh Nemuri","2026-09-15 02:11:26",0.82183,14,saharshcs
11,16777178,"David and Will (ECE 6210)","2026-09-23 07:20:51",0.82160,46,"david25252525,willcaron"
12,15536172,peco,"2026-07-28 05:27:24",0.82137,5,fujimorikaori
13,16688343,"Ruiyang Zhang","2026-08-13 05:22:32",0.82137,1,ruiyangzhang23
14,16750550,"Ahmed Yasser","2026-08-22 14:52:21",0.82137,14,ahmedyasser06
15,16755230,dhifnef,"2026-08-21 14:32:43",0.82137,1,dhifnef
16,16755282,Aacceeo,"2026-08-21 14:38:31",0.82137,2,aacceeo
17,16792763,"Ertuğrul Özer","2026-08-30 10:24:24",0.82137,2,ozertuu
18,14573021,"[Deleted] 8496f6cb-0c28-4a16-a6c1-f0abd94df49c","2026-09-01 18:34:02",0.82137,4,del=c83f35d15b196a71
19,16832279,"An Pham #2","2026-09-04 18:18:03",0.82137,4,hoang1711
20,15586820,"Santiago Maniches","2026-09-05 20:57:37",0.82137,9,santmani
21,16867742,"Ahmad Tanveer","2026-09-10 16:18:59",0.82137,1,ahmadtanveerai57
22,16889625,"Chakrit Pukmee","2026-09-14 07:01:38",0.82137,3,chakritpukmee
23,16857733,yeqinxin,"2026-09-18 08:07:24",0.82137,5,yqx123456
24,16944030,"green algeria","2026-09-22 22:41:30",0.82137,2,greenalgeria
25,16947419,"TRẦN VŨ ĐỨC","2026-09-23 14:38:09",0.82137,6,trnvc213
26,16935726,"Md Arafat","2026-09-22 11:34:20",0.81996,3,arafat362
27,16755116,Pinkbanane,"2026-08-22 12:02:07",0.81973,10,pinkbanane
28,16723450,sokoranohimazin,"2026-08-15 08:55:37",0.81949,8,sokoranohimazin
29,11087484,hr15de,"2026-09-09 07:29:07",0.81856,141,hr15de
30,14565936,kj_yo,"2026-09-22 20:05:58",0.81646,15,kjkamosika
31,16895541,"George Megre","2026-09-15 09:06:16",0.81575,10,georgemegre
32,16541695,"Alex Oranov","2026-07-29 11:16:43",0.81505,20,aoranov
33,11735844,"Laurent B","2026-08-31 18:21:16",0.81505,53,"cqfd75,desplanchesmanu"
34,10401572,aegistea,"2026-08-25 04:18:25",0.81482,28,aegistea
35,16680775,"Hoàng Anh","2026-09-04 06:54:53",0.81482,3,pluckysquirrel
36,16240399,mewoooooooo,"2026-07-27 05:28:51",0.81435,5,"h20051123,miyuson,o547547"
37,16943349,RafaelPrado7,"2026-09-23 03:54:53",0.81412,1,rafaelprado7
38,16690754,"Yusuke Hayashi","2026-08-10 10:53:39",0.81388,9,yhay81
39,13871679,ML25-Team02,"2026-07-31 07:16:41",0.81365,1,"c0c01a,eric6990,hantingww,lara0318"
40,16591088,"عزام الفائزي","2026-08-30 22:14:45",0.81318,3,azzamalfayzyz2
41,16947433,"Tùng Lâm","2026-09-23 13:29:17",0.81318,10,lmsinestrea
42,16638118,"Aleksandr Ulianin","2026-08-10 09:06:54",0.81295,74,aleksandrulianin
43,16741181,kif,"2026-09-22 04:15:31",0.81295,32,echigobran
44,16766387,"Саша Тронь","2026-09-15 20:47:59",0.81295,5,sasha9099
45,16810413,"Andre and Kennedy (ECE 6210)","2026-09-23 01:33:32",0.81271,26,"andrearante,kennedyobigw"
46,16594002,"Anton Nesterov","2026-07-29 13:33:31",0.81248,5,nesterow
47,16748821,ChengFoon0602,"2026-08-21 04:32:44",0.81248,15,chengfoon0602
48,16845614,"Ubeen Sim","2026-09-07 13:49:33",0.81248,5,ubeensim
49,16942810,yunzhen618,"2026-09-23 04:34:47",0.81248,15,yunzhen618
50,16272982,kimura3,"2026-07-27 10:14:12",0.81225,18,"hachi6,hayato1121"
51,16750596,"Mohamed Abdalla Mohamed","2026-08-22 23:01:58",0.81225,9,mohamedabdalla33
52,16604349,chmikko,"2026-07-29 13:55:19",0.81201,15,chmikko
53,14208711,"Ciprian Turcu","2026-09-04 22:52:10",0.81201,17,ciprianturcu
54,16933101,GPT,"2026-09-21 14:55:31",0.81201,7,vothehung115522608
55,16593107,Zerng,"2026-07-31 08:02:43",0.81178,24,tayzheheng
56,16554062,MiddleSon,"2026-08-23 03:23:29",0.81178,52,middleson
57,16602394,Paphangkon1412,"2026-07-27 16:52:58",0.81155,2,paphangkon1412
58,16714084,"Uyn Effirg","2026-08-16 03:35:26",0.81155,10,griffenyu
59,16617090,"Nathaniel DeMoro","2026-08-05 01:50:23",0.81131,3,nathanieldemoro
60,16889960,"Tanadon Chaisilaa","2026-09-14 07:36:00",0.81131,5,tanadonchaisilaa
61,16924346,"Wu Hongyi","2026-09-19 09:07:48",0.81131,9,seafoodcf
62,16931188,Nova,"2026-09-20 17:14:57",0.81131,8,sarlnovax
63,16725683,sushi3085,"2026-08-16 06:55:29",0.81108,2,sushi3085
64,16702212,Tah3re,"2026-08-24 16:49:59",0.81108,14,tah3re
65,16655609,Pones_kaggle,"2026-08-29 03:26:13",0.81108,21,pyd966
66,13705640,encredbile,"2026-08-11 04:03:27",0.81084,4,encredbile
67,16717230,"Bjaoui Sara","2026-08-13 12:07:50",0.81084,7,bjaouisara
68,16712823,"Bjaoui Mohamed hedi","2026-08-14 10:42:48",0.81084,11,bjaouimohamedhedi
69,16765742,"Aayush Agarwal","2026-09-14 08:31:33",0.81084,4,aayushagarwal07
70,16722564,"Peter Grif","2026-09-20 10:51:08",0.81084,20,petergrif7
71,16892307,AbilmansurK,"2026-09-18 13:14:00",0.81084,9,abilmansurk
72,16882071,"Ivan Vavdichyk","2026-09-20 12:47:12",0.81084,6,ivanvavdichyk
73,16927266,"three neurons","2026-09-23 00:48:06",0.81084,12,"ajdeluca,samiyaazaidi"
74,16947789,"Mai Leelee","2026-09-23 13:54:27",0.81084,2,maileelee
75,16635880,"Gia Thư Phạm","2026-08-01 14:56:22",0.81061,1,giathphm214
76,16686629,masterjedi1,"2026-08-07 21:02:57",0.81061,6,masterjedi1
77,16750608,"Abdelaziz Mohamed Zeyada","2026-08-23 00:00:09",0.81061,13,abdelazizmohamed1016
78,16604419,hauzanrafi,"2026-07-31 07:32:38",0.81038,12,hauzanrafiattallah
79,16591388,Khongor2424,"2026-08-03 14:28:06",0.81038,20,khongorkikaik21
80,16653070,"Alexandr #2","2026-08-03 14:39:48",0.81038,5,alexandr20136
81,16614520,amleshkashyap,"2026-09-01 12:17:16",0.81038,78,amleshkashyap
82,16727609,"shreyansh patel","2026-08-24 18:11:06",0.81038,19,shreyanshpatel1
83,16920767,Limon4ick,"2026-09-19 05:58:21",0.81038,14,limon4ick
84,16934278,asli,"2026-09-23 10:17:30",0.81038,5,asli77
85,16580828,"Carles Villar Vegara","2026-08-14 16:02:25",0.81014,6,carlesvillarvegara
86,16661311,"Yassir Jaber","2026-08-07 11:50:47",0.81014,5,yassirjaber
87,16623053,"Anish Patil","2026-08-09 11:52:38",0.81014,7,anishpatil2853
88,16715735,Dingshichun,"2026-08-13 08:57:32",0.81014,4,dsc1998
89,13450670,"Mehmet Özel","2026-08-21 11:58:12",0.81014,22,mehmetozell
90,16769930,"Yusuf Romadhon","2026-08-26 12:08:59",0.81014,3,yusufromadhon
91,16859045,"Justine Umutoni","2026-09-12 13:32:45",0.81014,30,justineumutoni
92,16886948,"deborah irakoze","2026-09-13 16:04:47",0.81014,10,deborahirakoze
93,16532977,"Olesia Lisitskaia","2026-07-29 22:41:26",0.80991,13,olesialisitskaia
94,15719959,"Yueqing Huang","2026-08-03 16:27:02",0.80991,6,yueqinghuang
95,16696489,Vaishnavi22052006,"2026-08-09 14:33:32",0.80991,1,vaishnavi22052006
96,16662344,"Anastassiya Tseluiko","2026-08-10 14:08:37",0.80991,8,anastassiyatseluiko
97,16724311,"Vincent Heng","2026-08-15 15:36:45",0.80991,2,vincenthwq
98,16786582,"Inusha Thathsara","2026-08-30 16:22:01",0.80991,11,inushathathsara
99,16844485,"Yusuf Erdem ALTINSOY","2026-09-07 13:50:06",0.80991,11,yusuferdemaltinsoy
100,16673948,vuhoangnam2104,"2026-08-06 08:37:41",0.80967,2,vuhoangnam2104
101,16661120,"Murat Can Yaman","2026-08-15 07:19:01",0.80967,8,muratcanyaman
102,16743654,niloy219,"2026-08-19 16:31:10",0.80967,1,niloy219
103,16775510,cengizmenten1,"2026-09-10 10:42:12",0.80967,7,cengizmenten1
104,16778143,"Afnan Altamimi","2026-08-28 15:38:34",0.80967,13,afnanaltamimi98
105,16786261,DD_AI_Studio,"2026-09-01 04:30:38",0.80967,5,ddaistudio
106,16791281,-Rish-it_agrawal-,"2026-08-31 20:23:30",0.80967,7,rishitagrawal2007
107,16793244,wxkj99,"2026-09-01 11:37:32",0.80967,5,wxkj99
108,10213344,"Malcolm ","2026-09-23 02:58:22",0.80967,5,myhlow
109,15304113,Harmesh,"2026-07-27 18:55:05",0.80944,1,harmesh095
110,16612734,Hariprasath-Payoda,"2026-07-29 08:44:46",0.80944,1,hariprasathpayoda
111,16621875,"Иванов Матвей","2026-07-30 19:45:11",0.80944,10,pohrenu
112,16620868,"Потылицын Егор","2026-08-06 18:28:08",0.80944,10,quantum776
113,16753407,"Hyesung Ji","2026-08-24 06:00:10",0.80944,10,hyesungjis2
114,16764895,"nogay ji","2026-08-24 06:07:37",0.80944,1,nogayji
115,16771299,"Alexey Merejine","2026-08-25 17:33:36",0.80944,9,alexeymerejine
116,15287933,"Qixin Xu","2026-09-01 21:23:41",0.80944,74,qixinxu
117,16634508,"poignant padaeng","2026-08-30 15:13:47",0.80944,26,poignantpadaeng
118,16871677,devsungyeon,"2026-09-11 08:38:02",0.80944,3,devsungyeon
119,16867624,"Mireille Ingabire","2026-09-11 12:50:31",0.80944,5,mireilleingabire
120,16885681,mseokq,"2026-09-20 14:02:53",0.80944,12,mseokq
121,16610093,"ARCHANA R M","2026-07-31 03:55:24",0.80921,5,archanahaha
122,16640853,Vansh_Mishra_26,"2026-08-02 11:06:27",0.80921,5,vanshmishra26
123,8295078,"Adam Tassabehji","2026-08-31 13:01:26",0.80921,2,adamtassabehji
124,16799644,HhhLL3526,"2026-09-01 09:46:57",0.80921,6,hhhll3526
125,16768698,YizhuoGao77,"2026-09-07 05:41:21",0.80921,15,yizhuogao77
126,16935887,FengPro,"2026-09-21 12:05:28",0.80921,9,fengpro
127,16922708,"Ardahan Doğru","2026-09-21 22:39:01",0.80921,4,ardahandoru
128,16943878,"Erick Mendonça_FMU262","2026-09-23 04:10:49",0.80921,20,erickmendona
129,16628858,"Mathiarasu R S","2026-07-31 09:16:12",0.80897,1,mathiarasurs005
130,16637440,MikTi05,"2026-08-05 20:51:38",0.80897,1,mikhailt95
131,16697482,"Jacopo Dalmasso","2026-08-10 01:08:47",0.80897,19,jdalmasso
132,16720089,"Manthan Waghela","2026-08-22 08:50:51",0.80897,8,manthanwaghelamoons
133,16799734,"Priti Yadav","2026-09-01 08:30:22",0.80897,7,priti0812
134,16889737,"Suphakit Fanfueai","2026-09-14 06:34:33",0.80897,1,suphakitfanfueai
135,16926842,"Gry Krcy","2026-09-21 11:11:48",0.80897,2,grykrcy
136,16941624,"Yoshihiro Ando","2026-09-22 13:24:28",0.80897,7,yoshihiroando
137,14788445,leoYuyty,"2026-07-26 11:40:22",0.80874,6,leoyuyty
138,16660312,"Ramez Malak","2026-08-08 22:48:51",0.80874,5,ramezmalak
139,16696578,"maximo lorenzo y losada","2026-08-12 13:04:12",0.80874,4,maximolorenzoylosada
140,12273803,Tizheruk,"2026-08-15 14:04:57",0.80874,2,tizheruk
141,16728388,"Nishith Ramanuj","2026-08-16 19:58:31",0.80874,1,nishithramanuj
142,16762464,"loutairi labgaa","2026-08-25 10:34:25",0.80874,7,loutairilabgaa
143,16767447,"NDAYISABA KAMARIZA Belie","2026-08-25 11:44:49",0.80874,1,nkbelie
144,16756484,"Siddharth Patel","2026-08-26 04:41:42",0.80874,28,siddhugp
145,16811950,"Mariana Gómez Hernández","2026-09-03 04:21:32",0.80874,6,mrianagmezherndezz
146,16765744,"Arnav Singh","2026-09-04 07:57:10",0.80874,4,arnav12515500088
147,16821475,"tatiana contreras castillo","2026-09-04 15:11:59",0.80874,4,tatianac18
148,16811432,"Camila Carrillo","2026-09-04 15:12:40",0.80874,3,marcamila16
149,16823169,"sebastian Aguilar","2026-09-04 15:13:21",0.80874,3,sebastianaguilar00
150,16832261,"Juan Diego Cano Vargas","2026-09-04 16:59:26",0.80874,1,juandiegocanovargas
151,14591869,juzhongren,"2026-09-12 11:23:34",0.80874,10,juzhongren
152,16886525,MEDICODE,"2026-09-13 14:21:43",0.80874,5,insunglee0818
153,16898145,"padma akash","2026-09-15 17:57:37",0.80874,1,padmaakash
154,16942776,601474-Paphachanok,"2026-09-22 19:16:08",0.80874,9,paphachanokpoti
155,16947438,"Nam Khánh Trần","2026-09-23 13:43:26",0.80874,3,namkhnhtrnmta
156,16607927,Kaviya,"2026-07-29 08:36:45",0.80851,5,sachinkaviya
157,16619537,"qr Z1201","2026-07-30 14:50:38",0.80851,4,qrz1201
158,16631795,"Matheus Bonjour Laviola da Silva","2026-07-31 14:30:30",0.80851,1,matheusbonjour
159,16202793,"d d d","2026-08-04 15:25:40",0.80851,3,dddmddd
160,16707003,Sybery_AI,"2026-08-11 13:59:46",0.80851,6,syberyai
161,15520442,"arashk heydari","2026-08-13 06:40:58",0.80851,13,arashkheydari
162,16760900,"Kevin Zhang","2026-08-23 12:55:04",0.80851,2,thegr8kev
163,16763261,Morphleang,"2026-08-23 22:10:09",0.80851,1,morphleang
164,16771194,"Kacper Bor","2026-08-30 14:27:27",0.80851,38,kacperbor
165,16742953,CryptoBTC,"2026-09-08 17:10:49",0.80851,4,cryptobtc
166,16866623,"Anne Marie TWAGIRAYEZU","2026-09-13 19:20:46",0.80851,7,annemarie257
167,16921700,"Cristian Muñoz","2026-09-19 16:22:16",0.80851,2,cristianmuozz
168,16928046,Hakid999,"2026-09-20 06:34:38",0.80851,10,hxakxids
169,16877344,"Bohdan Ivanyshyn","2026-09-20 18:10:47",0.80851,7,bohdanivanyshyn
170,16045166,"Ziad Roshdy","2026-08-01 18:42:30",0.80827,5,ziadzika
171,16589543,"Vinay Rai","2026-07-28 15:47:19",0.80827,14,vinay24baghira
172,16632993,Arkadiy,"2026-08-05 02:00:47",0.80827,18,darwin22010
173,16632688,"[Deleted] a57fbe57-0b60-4af9-8062-ba85ccd2a956","2026-07-31 22:22:55",0.80827,5,del=db75a9b899f81ae7
174,16645728,"Prasanna Shakya","2026-09-21 19:03:14",0.80827,4,djskeleton
175,16654185,"P.Lakshmi Sainath Reddy","2026-08-03 18:59:13",0.80827,1,plakshmisainathreddy
176,16606243,"Maxim Maximov","2026-08-04 01:27:54",0.80827,8,mmmaximov
177,16656891,Damo_Zen,"2026-08-05 03:39:58",0.80827,8,damozen
178,15402843,GezaMod,"2026-09-08 17:17:42",0.80827,8,gezamod
179,12078396,さめしま,"2026-08-11 03:15:49",0.80827,14,masahikosameshima
180,16745408,"Rizki Surya Nugroho","2026-08-20 04:02:00",0.80827,1,rizkisuryanugroho
181,16772233,"Guilherme Raiuga","2026-09-12 01:04:49",0.80827,20,guilhermeraiuga
182,16846196,superGuma,"2026-09-07 06:08:33",0.80827,1,superguma
183,16865353,"Shiling Deng","2026-09-10 07:39:51",0.80827,2,shilingdeng
184,10828850,"Pejman Shojaee","2026-09-14 11:00:54",0.80827,1,amirtanha
185,16892150,"Tony He #2","2026-09-19 22:58:15",0.80827,10,tonyyang0504
186,16558642,EshankArora,"2026-09-20 05:11:44",0.80827,5,eshankarora
187,16928678,"Meruyert Sagyndyk 26MD0271","2026-09-20 09:35:53",0.80827,1,mmmm1202
188,16947456,"Loch Ma","2026-09-23 12:44:06",0.80827,1,lochma
189,16588919,"liu kun","2026-07-29 09:54:30",0.80804,1,kunliu97
190,16613116,"VikashiniSri M","2026-07-30 07:38:01",0.80804,7,vikashinisrim
191,15844178,Tokenizers,"2026-08-01 15:40:56",0.80804,2,"shourjabanerjee,shreyanshisingh237"
192,16643292,BLEbleBle,"2026-08-02 16:57:14",0.80804,1,blebleble123
193,16631630,RezaMirzaeii,"2026-08-24 11:13:05",0.80804,24,rezamirzaeii
194,16690949,Lucifus,"2026-08-08 21:47:29",0.80804,2,lucifus
195,16706105,"Projekt Hortensia","2026-08-11 07:46:16",0.80804,3,projekthortensia
196,16727521,"Rishi Shekhar","2026-08-16 08:02:26",0.80804,10,rishishekhar10
197,16611195,UsamaRamzan011,"2026-08-17 13:50:03",0.80804,2,usamaramzan011
198,16761426,NadaOmar777,"2026-08-23 14:55:30",0.80804,3,nadaomar777
199,16305885,Adam12399,"2026-08-31 17:52:08",0.80804,16,adam12399
200,16780665,"Sam Musoni","2026-08-27 17:37:01",0.80804,2,sammusoni
201,16832086,kozumeKenma05,"2026-09-04 16:11:47",0.80804,3,kozumekenma05
202,16831899,Salejandrolopez,"2026-09-04 16:13:00",0.80804,2,salejandrolopez
203,16830845,"Liseth J Gomez","2026-09-04 16:13:41",0.80804,1,lisethjgomez
204,16830891,"Johan Guerrero F","2026-09-04 16:13:46",0.80804,6,somosdosexclusivo
205,16831921,"yedrik icabuco","2026-09-04 16:14:45",0.80804,2,yedrikicabuco
206,16830830,"jose armando ortega gonzalez","2026-09-04 16:15:12",0.80804,8,joseortegagonzalez
207,16870675,"Ikuzwe Pascaline","2026-09-15 17:58:22",0.80804,10,ikuzwepascaline
208,16896613,"Inezayimana Henriette","2026-09-16 11:36:42",0.80804,7,inezayimanahenriette
209,8846892,ssnsos,"2026-09-17 17:27:22",0.80804,2,stg44g3g36hk416hk417
210,16862830,"Diego Viana Gomes","2026-09-19 10:31:03",0.80804,3,diegovianagomes
211,16941929,"Yessenkeldi Satybaldin - 26MD0277","2026-09-22 14:28:55",0.80804,3,ysatybaldin
212,16644825,hahayueyueyue,"2026-08-03 08:32:39",0.80780,8,hahayueyueyue
213,16098441,"Qianyi Xing","2026-08-27 08:10:30",0.80780,2,qianyixing822
214,16629739,FlameZywoo,"2026-08-10 11:41:15",0.80780,7,zgdllt
215,16027429,agarciabl,"2026-08-25 07:49:48",0.80780,25,albertogarcablas
216,16711651,"G .vitlab2","2026-09-10 07:07:50",0.80780,19,gvitlab2
217,16701838,"Liu xiayun","2026-08-15 11:20:36",0.80780,12,liuxiayun
218,16707893,"Samiksha Chavan","2026-08-13 09:39:35",0.80780,2,samikshachavan22
219,12676110,computersoul,"2026-08-16 03:12:06",0.80780,5,computersoul
220,16750605,"Habiba Muhammed","2026-08-23 02:37:39",0.80780,7,habibamuhammed1
221,16761687,afrithero,"2026-08-23 13:30:19",0.80780,2,afrithero
222,16767321,geminitop777,"2026-08-24 18:57:09",0.80780,1,geminitop777
223,16794036,woldy,"2026-08-30 23:25:12",0.80780,10,woldywei
224,16801814,"Hasini Sai Reddy Kotla","2026-09-01 08:44:17",0.80780,1,hasinisaireddykotla
225,16673108,Aditya0212-2-2,"2026-09-03 06:50:35",0.80780,10,aditya021222
226,16746462,Vrushan,"2026-09-06 14:05:33",0.80780,20,vrushan
227,16830993,"JG Moony","2026-09-04 16:02:34",0.80780,10,jgmoony
228,16865363,"Nadia TETA","2026-09-10 12:16:18",0.80780,9,nadiateta
229,16766061,"scum Lizard","2026-09-12 08:00:41",0.80780,4,scumlizard
230,16865248,"abijuru diana","2026-09-13 19:32:11",0.80780,5,abijurudiana
231,16884960,"ronger zhu","2026-09-13 07:28:27",0.80780,5,rongerzhu
232,16888002,"annet debhora ","2026-09-14 00:40:14",0.80780,7,annetdebhora
233,16889678,goryki,"2026-09-14 07:31:01",0.80780,5,goryki
234,16889847,"Amonwan Phimphichai","2026-09-14 07:16:40",0.80780,6,amonwanphimphichai
235,16933164,SiberianDs,"2026-09-22 07:33:55",0.80780,13,siberiands
236,16697713,"Muhammad Ilman","2026-09-22 20:07:44",0.80780,2,muhammadilman896
237,16947425,"Bo Doi Hoc AI","2026-09-23 13:24:49",0.80780,3,bodoihocai
238,16596579,omom,"2026-07-28 09:50:25",0.80757,4,zxyxenia
239,16608422,"NANDHAKUMAR K AIML","2026-07-29 10:41:39",0.80757,5,nandhakumarkaiml
240,16535864,"Dwi Eflatino","2026-07-30 04:11:50",0.80757,10,eflatino
241,16621542,"Андрей Малаховский","2026-08-02 07:37:41",0.80757,8,andreym1234
242,16716128,Hagepiyo,"2026-08-17 09:57:55",0.80757,21,hagepiyo
243,16760910,lixiuqixiaoke,"2026-08-24 05:24:10",0.80757,18,lixiuqixiaoke
244,16750617,Vecneta,"2026-08-23 09:59:40",0.80757,1,vecneta
245,16844289,"Danial Rashidi","2026-09-11 14:39:44",0.80757,11,danialrashidi
246,16864629,Aline,"2026-09-11 05:17:28",0.80757,7,nyiranizeyimanaaline
247,16797373,"Alexey Ulutichev","2026-09-16 09:12:01",0.80757,25,alexeyulutichev
248,16925413,"Nguyễn Cường","2026-09-19 13:07:01",0.80757,1,nguyncngo
249,16731324,"sekiro jo","2026-09-22 14:20:15",0.80757,8,sekirojo
250,16472007,max.scott3,"2026-07-27 07:54:37",0.80734,4,maxscott3
251,16608349,"DAVI Ekué","2026-07-29 14:18:42",0.80734,14,ekumartial
252,16406774,shisan92,"2026-07-30 04:15:51",0.80734,6,shisan92
253,16612490,"Yahia Baamara","2026-07-31 09:25:59",0.80734,19,yahiabaamara
254,16683716,"Labh Khatke","2026-08-11 13:58:13",0.80734,22,labhkhatke
255,16701947,"Angelo Farah","2026-08-11 09:01:41",0.80734,2,angfarah
256,16632181,"Volodymyr Kalynchuk","2026-08-13 11:00:12",0.80734,14,volodymyrkalynchuk
257,16693423,BillDoser,"2026-08-16 13:49:09",0.80734,4,billdoser
258,16736313,lyndenloz5,"2026-08-18 08:05:41",0.80734,1,lyndenloz5
259,16775155,"elo bsfed","2026-08-26 13:30:37",0.80734,2,elobsfed
260,16779175,Abdulla332,"2026-08-27 11:31:13",0.80734,1,abdulla332
261,16768952,OmegaTau,"2026-08-30 10:31:04",0.80734,8,omegataul
262,16754625,"kiyarash the shas","2026-08-30 12:26:40",0.80734,4,kiyarashtheshas
263,16688124,"Ivan Synkovskyi","2026-09-20 22:54:11",0.80734,54,ivansynkovskyi
264,16798106,"Gökmen KÜÇÜKAYDIN","2026-09-07 20:16:26",0.80734,13,gkmenkkaydin
265,16847601,"Yossef Elshamy","2026-09-11 22:11:49",0.80734,2,yossefelshamy
266,16871298,Edgar2025,"2026-09-11 06:56:07",0.80734,1,"edgar2025,yihangzhao612"
267,16923371,"PANDU TIMUR BHASKARA","2026-09-19 04:54:02",0.80734,2,panduugm
268,16923019,AIP-UGM-1,"2026-09-19 05:08:13",0.80734,10,"hasnanhusaini,nursektiwj,pandutimurbhaskara,syifaur"
269,16924513,"Dustin Powers","2026-09-19 09:51:59",0.80734,2,dustinpowers
270,16930350,RAWA13,"2026-09-20 13:58:19",0.80734,5,rawa13
271,16921512,DSDSDS1111,"2026-09-22 19:13:23",0.80734,3,dsdsds1111
272,16859297,"Miguel Ángel López","2026-09-23 10:44:07",0.80734,44,modelmclearny
273,16615329,p0s1fix,"2026-07-29 21:32:35",0.80710,9,p0s1fix
274,16623159,"Bretokce 3amich","2026-08-02 18:29:44",0.80710,29,bretokce3amich
275,16635959,Makarov_Yegor__,"2026-08-01 17:43:51",0.80710,1,yegormakarov17
276,16632416,"Phạm Huy hihi","2026-08-06 08:00:50",0.80710,5,phmhuyhihi
277,15316788,"armin shojapour","2026-08-14 12:00:55",0.80710,9,arminshojapour
278,16719723,Wasim,"2026-08-14 03:59:44",0.80710,1,akwasimm
279,16716922,"Hiroaki Sato","2026-08-16 06:19:11",0.80710,23,hiroakisato759
280,16728421,Jim879793123,"2026-08-17 03:34:01",0.80710,3,jim879793123
281,13874681,"Yogesh Jadhav","2026-08-28 14:40:32",0.80710,78,dynamo14324
282,16742463,"GOLAM RABBANI NAYEM ","2026-08-19 11:35:58",0.80710,1,golamrabbaninayem
283,16762297,PARTHKUMAR127,"2026-08-23 13:25:16",0.80710,1,parthkumar127
284,16728789,Frankenpower,"2026-08-23 14:37:40",0.80710,2,frankenpower
285,15009373,"basant elsayed","2026-08-23 23:07:19",0.80710,9,basantelsayed
286,16780433,callmejaso,"2026-08-31 11:23:59",0.80710,12,callmejaso
287,16712249,julhooo,"2026-09-02 19:18:59",0.80710,12,julhooo
288,16889702,"Sitthichok Moknak","2026-09-14 08:26:40",0.80710,10,sitthichokmoknak
289,16891012,"Kamil Kula","2026-09-14 13:50:55",0.80710,7,kamilowski32
290,16913531,EmilienWag,"2026-09-17 10:46:59",0.80710,10,emilienwag
291,16925621,Zainheho,"2026-09-20 04:50:21",0.80710,5,zainheho
292,14949899,"viki kannan","2026-07-30 16:30:45",0.80687,3,vikikannan
293,16640372,"Avvy Lavoienne","2026-08-04 06:59:29",0.80687,9,avvylavoienne
294,15770142,Mobzya,"2026-08-03 22:32:24",0.80687,1,mobzya
295,15186177,"Hongbin Guokaggle","2026-08-06 14:09:37",0.80687,10,hongbinguokaggle
296,15668087,yanxi777,"2026-08-09 08:22:40",0.80687,2,yanxi777
297,16707888,"Loïc FERON","2026-08-12 16:44:54",0.80687,10,ciooll
298,16752931,Getaneh,"2026-08-21 13:07:37",0.80687,3,getanek
299,16760039,"Pavel Shiltsov","2026-08-23 15:30:01",0.80687,6,pavelshiltsov
300,16771776,OD,"2026-08-29 22:25:32",0.80687,6,ouzdenizseven
301,15402179,"Turan Mamedovi","2026-08-29 15:03:29",0.80687,1,"egepeh04,turanmamedovi"
302,14699131,"Akshay Singh Bchehhat","2026-09-05 19:55:56",0.80687,8,akshaysinghbchehhat
303,16840380,GLFH,"2026-09-18 09:01:24",0.80687,32,ferdinand1824
304,16663865,RandomLumberjack,"2026-09-06 11:55:27",0.80687,4,randomlamberjack
305,10244583,"Sankalp Thakur","2026-09-07 19:59:55",0.80687,24,sankalpsthakur
306,16838689,"Bandaru Chaitanya sree","2026-09-13 16:52:30",0.80687,2,bandaruchaitanyasree
307,16920233,Jun-Jun,"2026-09-20 19:42:18",0.80687,8,junjpn
308,16918508,tianleCai,"2026-09-20 12:44:05",0.80687,3,nomoremeeting
309,16890812,"Vimal Sahani","2026-09-21 06:18:06",0.80687,2,nvimalcbn05
310,16940746,"Mahmoud Abdel Hamid Abdel Rahman","2026-09-22 08:49:34",0.80687,1,abdhamiud
311,16944014,"Alessandro Daniele","2026-09-23 05:15:44",0.80687,4,alessandrodaniele07
312,16623773,"YJ Wee 2807","2026-07-31 03:16:18",0.80664,4,yjwee2807
313,16633545,"Дмитрий Дробышевский","2026-07-31 22:48:32",0.80664,6,harddimas
314,14041016,"Krzysztof Kuznak","2026-08-01 07:37:08",0.80664,1,krzysztofkuznak
315,16690372,"Timmy #2","2026-08-08 20:47:09",0.80664,10,skvorechik
316,15986482,Skvorec,"2026-08-09 06:30:25",0.80664,9,skvorec0
317,16706623,Devesh,"2026-08-11 10:50:41",0.80664,1,deveshkawaii
318,16714260,mengqianying,"2026-08-18 18:57:23",0.80664,11,mengstudent
319,16789474,"Fabio Schilirò","2026-09-09 15:43:49",0.80664,14,fabioschilir
320,16863108,"Ishimwe Lucie Karlise","2026-09-13 13:15:22",0.80664,14,ishimweluciekarlise
321,16673088,"Jainam Jain","2026-09-10 06:44:03",0.80664,2,jainamjain123
322,16861986,TMChan7777,"2026-09-12 19:28:09",0.80664,7,tmchan7777
323,16631265,"Ярослав Гусев","2026-09-12 22:06:35",0.80664,4,yargus
324,16886035,Abianbaba,"2026-09-13 15:38:06",0.80664,6,abianbaba
325,16887617,"Ineza AllianceGisele","2026-09-13 20:27:03",0.80664,3,inezaalliancegisele
326,16889603,"Viphu Hakandai","2026-09-14 07:39:35",0.80664,4,viphuhakandai
327,16923131,AIP-UGM-2,"2026-09-20 00:31:29",0.80664,15,"anjarsaputro,edgar64,muhammadzainurrahman,yuki817"
328,16838856,SANJANA,"2026-09-19 07:08:03",0.80664,2,mesanjana
329,16926716,felly10,"2026-09-20 13:36:40",0.80664,1,felly10
330,16937311,PatLinn,"2026-09-22 19:31:30",0.80664,4,patlinn
331,16942991,Deep_Learners1000,"2026-09-23 01:24:13",0.80664,1,"deeplearners1000,jaydenguy,kwiriraimuguti"
332,16870373,"Ryan Gomes","2026-09-23 05:50:28",0.80664,15,devryann
333,10659291,"Đăng Hải","2026-09-23 12:56:09",0.80664,2,nhdandz
334,16947880,"Sultan Myrzash - 26MD0261","2026-09-23 14:34:59",0.80664,4,smyrzash26md0261
335,16436261,"Hansel Choo","2026-07-27 08:51:38",0.80640,7,hanselchoo
336,16601789,"An Nguyễn Gia","2026-07-28 12:43:00",0.80640,12,annguyengia
337,16617540,genevieve,"2026-07-30 08:53:37",0.80640,8,giearts
338,16626422,"MOHAN #2","2026-07-31 09:50:04",0.80640,1,mohan076
339,16501905,nanatavie,"2026-08-16 13:38:48",0.80640,2,nanatavie
340,16697046,rudykane,"2026-08-10 07:29:21",0.80640,4,rudykane
341,16638064,m3r1al,"2026-08-10 10:55:15",0.80640,26,m3r1al
342,16714118,"Yeskendir Temiralinov","2026-08-12 20:17:20",0.80640,3,eskendirtemiralinov
343,15298531,"Rohan B","2026-08-22 16:54:55",0.80640,2,mathleteutd
344,16753432,yyyyyy1122,"2026-08-27 05:50:17",0.80640,14,yyyyyy1122
345,16774119,ZhouDeng,"2026-08-26 07:48:10",0.80640,1,zhoudeng
346,16762448,"Batu Özer","2026-09-02 14:38:33",0.80640,11,batuzer
347,16481419,ssssssoon,"2026-09-03 11:37:33",0.80640,4,ssssssoon
348,16689436,"Sanika Sonavane","2026-09-12 16:38:04",0.80640,2,sonavane1
349,16673092,Dhanushchowke28,"2026-09-10 06:18:48",0.80640,9,dhanushchowke28
350,16868673,"Meet Nachanekar","2026-09-10 19:27:38",0.80640,10,meet3724
351,16777027,"Kristin Strecker","2026-09-11 01:08:13",0.80640,3,kristinstrecker
352,16511827,"Jure Hrastovec","2026-09-15 07:27:03",0.80640,12,jurehrastovec
353,16881552,"Swaralii Gandhi","2026-09-12 14:19:27",0.80640,1,swaraliigandhi
354,16887551,C-Secure,"2026-09-13 19:53:50",0.80640,4,csecure
355,15292430,zinnnnnnnn121212,"2026-09-16 19:10:38",0.80640,1,zinnnnnnnn121212
356,16864591,"SeungHoon Lee","2026-09-17 07:21:45",0.80640,1,fltfmt
357,16904937,"Frank Bohm","2026-09-22 15:08:56",0.80640,4,frankbohm
358,14859363,"[Deleted] 0697f22e-7cac-47c6-8606-eca51b1e9be7","2026-09-22 06:27:34",0.80640,11,del=09f2860219c9966d
359,16904653,"Ishan F Prasad","2026-09-22 10:54:48",0.80640,5,ishanfprasad
360,16946139,"Amir Yousefi","2026-09-23 08:29:27",0.80640,1,amiryousefies
361,16711832,"Suchit Sartandel","2026-09-23 08:50:37",0.80640,10,suchitsartandel
362,16947487,"Nguyễn Minh Khôi","2026-09-23 12:41:09",0.80640,2,knmk1807
363,16947464,"Nguyễn Văn Anh","2026-09-23 13:33:39",0.80640,3,vsogbibbbmg
364,16480540,川上亮人,"2026-07-26 19:42:46",0.80617,1,ryoto12
365,16480655,"DU ZHENYI","2026-07-27 01:09:58",0.80617,1,zhenyidu123
366,16605666,"Danna Brasdefer","2026-07-27 13:24:35",0.80617,10,dannabrasdefer
367,16611812,"Thamizhvendhan R","2026-07-29 13:51:31",0.80617,1,thamizhvendhanr
368,16623039,"Bryncev Ivan","2026-08-16 08:47:56",0.80617,26,bryncevivan
369,16665783,AmaanAnsarii,"2026-08-05 09:42:43",0.80617,1,amaanansarii
370,16665173,imjamj01,"2026-08-06 09:37:27",0.80617,6,takemayuj01
371,16683081,"Sebastián Montero","2026-08-11 06:21:09",0.80617,1,sebastinmontero
372,16712069,mcy331,"2026-08-13 08:29:10",0.80617,1,mcy331
373,13036989,pengyz970,"2026-08-18 12:41:08",0.80617,1,pengyz970
374,16750565,"Andrés Santos Sanz","2026-08-21 19:51:06",0.80617,11,andressantossanz
375,16753375,sharkiss,"2026-08-21 22:39:01",0.80617,6,sharkisslol
376,16750610,"omar helal2351","2026-08-23 00:09:57",0.80617,3,omarhelal2351
377,16594370,"gyanaranjan mishra","2026-08-26 16:42:03",0.80617,3,gyanaranjanmishra
378,16769902,"Divya Narni","2026-08-27 05:23:55",0.80617,1,divyanarni
379,16771011,"Roy Hsu","2026-08-27 08:03:30",0.80617,5,royhsu1012
380,16782579,"Genaro Virgilio","2026-08-28 06:58:37",0.80617,5,genarosvirgilio
381,16733782,Dunkai,"2026-08-31 14:17:06",0.80617,10,dubkai
382,8514032,Laszlo,"2026-08-31 17:10:08",0.80617,1,laszlore
383,16797367,"William Caron","2026-09-02 17:23:28",0.80617,8,williamcaron
384,9415064,Alex920,"2026-09-03 12:10:12",0.80617,5,alex920
385,16867960,"Emeline USANASE","2026-09-12 21:01:53",0.80617,3,emelineusanase
386,16889552,ปาร์ตี้ผู้กล้า,"2026-09-14 06:48:21",0.80617,10,"boonyapaween,krittiteesrisai,nuttachaiphondee,tanadonchaisila"
387,16916254,"Valensius Alven","2026-09-17 19:00:25",0.80617,1,valensiusalven
388,16910570,"Franklyn Xue","2026-09-19 04:21:46",0.80617,15,franklynxue
389,16923532,KyleRees,"2026-09-19 13:44:09",0.80617,1,kylerees
390,16930495,HyunilKo,"2026-09-20 13:18:58",0.80617,3,hyunilko
391,16602198,"Kyle Wang","2026-07-26 23:31:37",0.80593,5,ky1ewan9
392,16603232,"Archie A","2026-07-27 21:14:27",0.80593,1,archiea2
393,16621445,"Elias William","2026-07-30 17:18:53",0.80593,1,eliaswilliam
394,16612453,Nigesh,"2026-07-31 06:32:40",0.80593,4,adhiniki
395,11890929,FUCHINO_Hiroshi,"2026-08-11 08:26:18",0.80593,18,fuchinohiroshi
396,16571692,Ansh@21032007,"2026-08-03 12:10:56",0.80593,2,ansh21032007
397,16694050,AIsummer2026,"2026-08-10 05:05:29",0.80593,2,aisummer2026
398,16716597,"Владислав Ващишин","2026-08-13 10:57:30",0.80593,1,nothiny
399,16728316,julio_cortes0,"2026-08-16 11:52:53",0.80593,1,juliocortes0
400,8971200,"Akai Red","2026-08-17 17:15:26",0.80593,2,akaired
401,16664399,tebenia,"2026-08-18 06:38:57",0.80593,2,tebenia
402,16655532,"Jonathan Salim95","2026-08-19 04:31:54",0.80593,12,jonathansalim95
403,16755124,"Benjamin Haddley","2026-08-21 15:43:52",0.80593,2,benjaminhaddley
404,16752923,쿠키프라페,"2026-08-23 08:38:40",0.80593,19,simpson92
405,16750555,"Mariam Farrag","2026-08-23 11:58:48",0.80593,7,mariamfarrag
406,16750558,"Mariam Sharnoubi","2026-08-23 13:13:44",0.80593,2,mariamsharnoubi
407,16765869,OverCast177,"2026-09-01 16:00:36",0.80593,1,overcast177
408,16821899,Ulf,"2026-09-03 14:55:38",0.80593,1,mertensu
409,16674499,"Jayraj Sawant","2026-09-03 15:46:39",0.80593,1,jayraj12sawant
410,16830812,WonKyungLee_1974,"2026-09-06 09:41:39",0.80593,4,wonkyunglee1974
411,16843999,Emilio,"2026-09-07 09:48:38",0.80593,11,emibo2811
412,16888250,"امجد فضل علي باسلامه","2026-09-14 19:17:06",0.80593,1,amjadbasalama
413,16599306,"MD.Firoj Khondokar","2026-07-26 04:54:38",0.80570,10,mdfirojkhondokar
414,16603728,"John Smith #8","2026-07-27 11:47:18",0.80570,9,qq3327008209
415,16601406,"Sanzhar Konysbayev","2026-07-29 04:02:38",0.80570,1,sanzharkonysbayev
416,16627298,vietquocnguyen,"2026-07-31 12:58:03",0.80570,2,vietquocnguyen
417,16618838,JustKidding,"2026-08-05 07:57:43",0.80570,7,latishasindhi
418,16590232,Shash,"2026-08-04 10:16:43",0.80570,2,shashcoder
419,16661720,"Dietmar Lewin","2026-08-04 20:36:06",0.80570,1,dietmarlewin
420,16654326,"Даниил Мельник","2026-08-06 05:28:20",0.80570,4,damelnik
421,16663412,RRmmXX,"2026-08-07 22:20:48",0.80570,1,rrmmxx
422,16708571,"21 07 27 Anh Thư","2026-08-12 04:38:34",0.80570,12,ahnthw
423,16660592,"Yashit Mittal","2026-08-17 15:12:46",0.80570,3,yashitmittal
424,16734707,"Alvaro Affonso do Vale","2026-08-18 03:30:05",0.80570,2,alvaroaffonsodovale
425,16747388,"Gaurav Kumar #4","2026-08-21 12:31:58",0.80570,2,varuag799
426,16761096,"Kabir Yohannan","2026-08-23 08:12:33",0.80570,2,kabiryohannan
427,16750588,"Alaa Ahmed","2026-08-23 14:08:49",0.80570,5,alaa2lhacker
428,16635040,"Jevon Kagenou","2026-08-26 06:27:01",0.80570,11,felixalbertajevon
429,16774888,"Umang Aditya","2026-08-26 18:05:03",0.80570,3,umang5916
430,16793274,"Siddharth Anil","2026-08-30 19:02:21",0.80570,1,tingdulal
431,16841590,"nasa Furiy","2026-09-05 23:41:41",0.80570,1,nasafuriy
432,16793171,"Hiệp Nguyễn","2026-09-06 02:25:02",0.80570,1,hieppotato
433,16775827,"Mbishibishi Flavien","2026-09-07 14:26:18",0.80570,1,mbishibishiflavien
434,16782915,natkuma,"2026-09-09 06:18:53",0.80570,1,natkuma
435,16891658,"Wongsathon Thanayod","2026-09-14 15:37:22",0.80570,1,wongsathonthanayod
436,16853051,jockers,"2026-09-15 03:02:23",0.80570,11,jockers
437,16913803,"Oleksandr KOTOV","2026-09-17 12:20:16",0.80570,3,oleksandrkotov
438,16932297,Tamvey,"2026-09-20 22:51:59",0.80570,5,tamvey
439,16947431,"Khanh Trong Hoang","2026-09-23 14:26:23",0.80570,9,khanhtronghoang
440,16600253,"Will Hirsch","2026-08-04 23:40:22",0.80547,3,willhirsch
441,16627913,"Tran Nhat Truong","2026-07-31 16:14:06",0.80547,3,trannhattruong19691
442,16645131,"Ajeet Krishnasamy","2026-08-03 06:04:30",0.80547,8,ajeetkrish
443,16645617,majorshawty,"2026-08-03 04:34:03",0.80547,1,majorshawty
444,16548706,"Nguyễn Lê Duy B24DCKH043","2026-08-04 08:11:04",0.80547,2,nguynlduyb24dckh043
445,16740778,Aishwaryakaggle,"2026-08-19 03:45:40",0.80547,1,aishwaryarakesh
446,16745659,"MD. ABDULLAH AL ASIF ","2026-08-20 03:36:35",0.80547,1,mdabdullahalasif
447,15491881,"Vinay Todkar","2026-08-21 04:03:21",0.80547,1,vinaytodkar
448,16846035,"Liujin Qiu","2026-09-07 05:40:43",0.80547,1,qqiuliujin
449,16839699,mknowles21,"2026-09-15 17:31:04",0.80547,13,mknowles21
450,16854908,Jakiduy,"2026-09-11 13:58:53",0.80547,14,jakiduy
451,16861670,"tuyishimire claudine","2026-09-10 08:54:04",0.80547,3,tuyishimireclaudine
452,16862948,"Yvette kazeneza","2026-09-11 07:18:09",0.80547,4,yvettekazeneza
453,16867064,"Umuhoza Marie solange","2026-09-14 06:53:51",0.80547,9,umuhozamariesolange
454,16866676,"Ikaze Annick","2026-09-10 18:39:50",0.80547,1,ikazeannick
455,16865629,"immaculee byukusenge","2026-09-11 07:38:39",0.80547,1,immaculeebyukusenge
456,16877863,"Ezequiel canan","2026-09-12 01:24:25",0.80547,6,ezequielcanan
457,13118688,"Atharv Nema","2026-09-13 12:42:31",0.80547,1,atharvnema123
458,16889694,"Phatcharaphon Kongkawe","2026-09-14 07:10:32",0.80547,6,phatcharaphon01
459,16891351,"Joyeuse HIRWA","2026-09-14 12:58:06",0.80547,1,joyeusehirwa
460,16904464,"MohammadEsmaeil Nikbakhsh","2026-09-16 07:29:32",0.80547,2,ms20237
461,16907879,GregoryAV,"2026-09-17 06:33:36",0.80547,5,gregoryav
462,16924260,"shikigami yao","2026-09-19 13:05:54",0.80547,1,shikigamiyao
463,16937604,"30_AIML_A_ Gaurav Giri","2026-09-21 17:13:04",0.80547,1,gauravgiri1
464,16942285,HaIssa,"2026-09-22 21:48:26",0.80547,2,haissa
465,16252873,prvsiyan,"2026-07-28 18:02:37",0.80523,1,prvsiyan
466,16642558,"Nguyen Quang","2026-08-02 15:25:38",0.80523,3,nguyenquangvn07
467,16634306,"Minh Phú","2026-08-02 18:53:59",0.80523,11,minhphune
468,16664665,Karma_350234,"2026-08-20 06:53:17",0.80523,46,karma350234
469,16701155,hiro909890,"2026-08-14 06:32:23",0.80523,11,hiro909890
470,16727499,"DHINAKARAN S","2026-08-16 06:41:23",0.80523,1,dhinakaran06
471,16620500,"Tanushree Pandya","2026-08-16 08:23:44",0.80523,10,tanushreepandya
472,16730193,"Andrew Reed","2026-08-17 01:30:24",0.80523,2,andrewreed
473,16730723,Karl0106,"2026-08-17 04:39:33",0.80523,2,karl0106
474,16725448,"Shinichi Monden","2026-08-17 11:04:43",0.80523,1,shinichimonden
475,16745930,izumi600,"2026-08-20 08:11:14",0.80523,3,izumi600
476,16743627,"Agilan K","2026-08-20 08:26:37",0.80523,2,agilankumar
477,16763842,"James #3","2026-08-26 00:46:21",0.80523,5,tangledupinblue
478,16770985,"G Sravani","2026-08-25 13:51:41",0.80523,1,sravani1828
479,16758309,"Ali Oktay BOBUŞ","2026-08-29 21:22:16",0.80523,1,alioktaybobu
480,16807264,"Abdelrahman 320240104","2026-09-02 13:07:05",0.80523,9,abdelrahman320240104
481,16889777,Prayfon,"2026-09-14 07:00:59",0.80523,3,prayfon
482,16889856,Piyachayanin,"2026-09-14 07:11:14",0.80523,1,piyachayanin
483,16893617,한지율1234,"2026-09-15 04:14:52",0.80523,5,jy101017
484,16865567,"sonngyin L","2026-09-17 05:09:22",0.80523,6,sonngyinl
485,16854102,"Nicolas Paiva","2026-09-19 00:40:48",0.80523,5,nicolaspaiva
486,15842784,"Aiman Merchant","2026-09-22 10:46:56",0.80523,13,aimanmerchant
487,16922780,CV4497,"2026-09-20 02:16:11",0.80523,1,cv4497
488,16607408,"ATHARVA NAIK","2026-09-20 14:17:18",0.80523,9,atharvanaik
489,16943508,"Turb Onooob","2026-09-22 19:36:07",0.80523,3,turbonooob
490,16947473,"1 Bùi Hải An","2026-09-23 14:44:28",0.80523,4,andeptrai07
491,16947441,"Trường An Lâm 1206","2026-09-23 14:24:31",0.80523,7,trnganlm1206
492,16947824,"Alikhan Kubayev - 26MD0247","2026-09-23 14:52:21",0.80523,1,alikhankubayev
493,16948200,Dj0ntb0y,"2026-09-23 15:02:30",0.80523,2,dj0ntb0y
494,16620721,imnewherehixcien,"2026-08-01 02:25:00",0.80500,8,imnewherehixcien
495,16638870,artnn22,"2026-08-05 19:01:00",0.80500,5,acloudy
496,16619252,Yogaazhaki,"2026-08-07 06:44:35",0.80500,1,yogaazhaki
497,16678179,"Kenny Burgers","2026-08-07 16:51:21",0.80500,1,kennyburgers
498,16696118,HideyukiKita,"2026-08-09 15:11:12",0.80500,1,hideyukikita
499,10544770,Pepinstelroy,"2026-08-14 18:44:25",0.80500,2,mypssword193
500,16724155,"Amir Mahdi Vahid D","2026-08-15 18:33:29",0.80500,5,amirmahdivahidd
501,16727154,rajaau,"2026-08-16 09:52:45",0.80500,5,rajaau
502,16741964,"Tiago Rei","2026-08-19 12:03:28",0.80500,9,tiagolrei
503,16743809,"Md Riad Hasan","2026-08-19 15:57:46",0.80500,1,mrhscript
504,16743315,"Lutfun Nahar Barsha","2026-08-19 16:18:00",0.80500,1,lutfunnaharbarsha
505,16729099,K_garg29,"2026-08-19 16:56:43",0.80500,1,kgarg29
506,16756770,"Mohamed Helal","2026-08-22 01:18:54",0.80500,2,m00hamed
507,16762415,"Adnan Akib1","2026-08-23 13:46:13",0.80500,1,adnanakib1
508,16729557,"Martí Gasol Cos","2026-08-23 15:49:29",0.80500,1,martgasolcos
509,14585993,pywork_5992,"2026-08-25 13:13:14",0.80500,1,"songhuarui5992,yangyuxuan200591,yuyuyuyuyikj,zhangmiao5878"
510,16793451,"Anuar Akimbekov","2026-09-01 18:10:22",0.80500,2,anuarakimbekov
511,16820877,"Surafel Sintayehu","2026-09-07 09:48:05",0.80500,1,surafelsintayehu
512,16652838,"Сергей Гришин","2026-09-08 18:00:43",0.80500,1,blackstarc121
513,16862276,"Javier Hernáez","2026-09-09 17:54:31",0.80500,1,javierhernaez
514,16838628,"Темур Эргашев","2026-09-10 19:43:15",0.80500,9,timaerg
515,9641617,aditya117b,"2026-09-10 20:22:53",0.80500,1,aditya117b
516,16117129,"Eshan N  Mohammed","2026-09-14 00:08:06",0.80500,12,eshanmohamed
517,16889995,tanny,"2026-09-14 07:41:07",0.80500,6,tannydada
518,16916832,farhanntu,"2026-09-17 20:18:26",0.80500,1,mufarhans
519,16871575,dusk,"2026-09-18 04:55:43",0.80500,1,hhduskhh
520,16919020,"Harini Parupudi","2026-09-18 07:17:55",0.80500,1,hariniparupudi
521,16926017,"Jhimy Reyes","2026-09-19 17:21:31",0.80500,4,jhimyreyes
522,15118867,anli2811,"2026-09-21 04:47:37",0.80500,2,anli2811
523,16937856,"Altybay Arailym-26MD0402","2026-09-22 08:55:35",0.80500,2,aapqawsed123
524,16572063,Anis,"2026-07-27 13:47:18",0.80476,1,yuuanis
525,16613093,"Manaswi Kamireddy","2026-07-31 05:53:39",0.80476,1,manaswikamireddy
526,16632101,"Hoàng Nguyên Anh","2026-07-31 14:59:27",0.80476,3,lemon4life
527,16639757,"Phan Hoài Bảo Khang","2026-08-02 12:43:24",0.80476,1,phanhoaibaokhang
528,16673453,"Trần Quốc An Trường PT Sao Việt","2026-08-06 08:00:22",0.80476,1,trnqucantrngptsaovit
529,16683992,Peterssretep,"2026-08-07 12:17:27",0.80476,1,peterssretep
530,16690894,llopllopll,"2026-08-08 12:53:39",0.80476,6,llopllopll
531,16675079,DedMokus,"2026-08-08 16:37:33",0.80476,6,dedmokus
532,16701785,"Yasin Behjooei","2026-08-12 08:16:36",0.80476,12,yasinbehjooei
533,15221253,"parsa behjat tabrizi","2026-09-20 10:14:58",0.80476,6,parsabehjattabrizi
534,16729934,"ej cla nz","2026-08-17 07:16:17",0.80476,10,ejclanz
535,16741757,"G.M Khalid Bin Faruk","2026-08-19 08:31:28",0.80476,1,gmkhalidbinfaruk
536,16732639,"Raj Aryan Singh","2026-08-19 10:56:48",0.80476,12,kratos14raj
537,16739937,"NISHAT TAMANNA 2233081050","2026-08-19 11:39:46",0.80476,1,tamanna4018
538,16755502,vaatrushka,"2026-08-27 18:14:06",0.80476,6,vaatrushka
539,16798408,"Andrew Leal70","2026-08-31 22:52:37",0.80476,2,andrewleal70
540,16771831,"Arseniy Shutko","2026-09-04 08:28:18",0.80476,4,arseniyshutko
541,16825782,EnIsHard,"2026-09-13 02:19:06",0.80476,13,enishard
542,16740256,"Henrique Garcia","2026-09-20 17:03:04",0.80476,10,henriquecgarcia
543,16917439,Daniela12458,"2026-09-18 01:58:41",0.80476,3,daniela12458
544,16906992,"Christian Gavriel","2026-09-18 18:02:09",0.80476,1,christiangavriel
545,16884907,"Lohan Meunier","2026-09-20 22:36:31",0.80476,1,lohanmeunier
546,16920264,elitekokq,"2026-09-22 12:22:26",0.80476,3,vanokaggler
547,16942031,"lorena rios25","2026-09-22 13:57:59",0.80476,1,lorenarios25
548,16557136,Justinvr,"2026-07-29 19:38:35",0.80453,1,"hayf27,josiekirk14,justinvr"
549,16633842,"Raisy Wang","2026-08-01 01:16:04",0.80453,5,raisywang
550,16605791,"Thiện Nguyễn Hữu","2026-08-01 13:15:17",0.80453,1,thiennguyenqn
551,16641549,"A Aswanth Raj","2026-08-02 13:08:15",0.80453,1,aaswanthraj
552,16610543,"Dinh Bao Binh Tran","2026-08-04 17:32:26",0.80453,1,dinhbaobinhtran
553,16682820,"Takashi Miura #2","2026-08-07 07:28:26",0.80453,1,takasshu
554,16695909,"Huseyn Akhmedov","2026-08-10 11:36:44",0.80453,1,huseynakhmedov
555,16702244,"chiluka Karthik","2026-08-12 06:35:13",0.80453,2,chilukakarthik
556,16744829,"Taha Sarhadi","2026-08-19 22:54:30",0.80453,10,tahasarhadi
557,16753648,Antigone_xzh,"2026-08-21 09:43:13",0.80453,1,antigonexzh
558,16750547,Ahmed_Osman,"2026-08-21 15:59:55",0.80453,2,ahmedosman220
559,16754095,Danji123,"2026-08-23 12:01:08",0.80453,5,danji123
560,16763622,"Khaled Tarek","2026-08-23 20:45:47",0.80453,2,khaledtarek182
561,16765622,mrbip_anchocolet,"2026-08-25 01:56:15",0.80453,1,mrbipanchocolet
562,15009306,"jason vetter","2026-09-05 04:40:39",0.80453,2,jasonvetter
563,16778351,FukushimaYo,"2026-08-27 05:09:12",0.80453,1,fukushimayo
564,16480063,"Daniel Vega 999","2026-08-28 11:54:24",0.80453,1,danielvega999
565,16282392,"Valentin Serebreanu","2026-09-04 21:55:36",0.80453,1,fake364
566,16854570,"AHMAD HANIF MUGHAL","2026-09-09 01:03:00",0.80453,2,ahmadhanifmughal
567,16860724,"Zongsheng Yin","2026-09-09 13:52:13",0.80453,2,suhzhzjjzh
568,16864153,"Shirish Man Shakya","2026-09-10 05:17:37",0.80453,1,shirishmanshakya
569,16863741,"Lộc Pham","2026-09-12 13:47:34",0.80453,4,linfan0701
570,16932261,"Ali Salih Yıldırım","2026-09-20 22:32:20",0.80453,3,alisalihyldrm
571,16941300,"Kim Yuriy","2026-09-22 11:26:10",0.80453,3,kimyuriy
572,16605593,"Allan S Joseph","2026-07-27 14:57:28",0.80430,1,allansjoseph
573,16613963,thaoanh22,"2026-07-29 15:42:59",0.80430,3,thaoanh22
574,16614969,Navyasaravanan25,"2026-07-29 18:48:15",0.80430,1,navyasaravanan25
575,16632372,"Trần Tất Nguyên","2026-07-31 17:14:39",0.80430,2,nguyentrann0703
576,16692979,inZOR-ND,"2026-08-08 22:40:07",0.80430,6,dumitrunovic
577,16710432,"CHRISTEEN DENNY","2026-08-12 05:38:59",0.80430,2,christeendenny
578,16730328,hanmmx,"2026-08-17 02:03:57",0.80430,2,hanmmx
579,16735394,"Chanuka Dilshan","2026-08-18 06:21:42",0.80430,1,chanukadilshan
580,16739050,"km b","2026-09-14 18:17:44",0.80430,6,kmbggggggg
581,16744272,"MOHAMMAD KOWSER MAHMUD ","2026-08-19 17:53:55",0.80430,1,mohammadkowsermahmud
582,16588987,kaypto,"2026-08-20 13:12:45",0.80430,1,kaypto
583,16717232,"enzo. Sss","2026-08-22 12:44:28",0.80430,27,enzosss
584,16697726,"antonio margarete","2026-08-23 03:48:00",0.80430,1,antoniomargarete
585,15566303,"⸻AgentZZ ⸻","2026-08-23 21:06:32",0.80430,1,agentzz
586,16780084,tespip,"2026-08-27 20:07:57",0.80430,1,tespip
587,16705389,"Yomna Hussien Aref","2026-08-29 20:49:35",0.80430,2,yomnahussienaref
588,16780099,"Carl Emil Gadegaard Gjørup","2026-08-31 20:02:22",0.80430,5,carlgoijer
589,15398086,nuraly,"2026-09-07 15:23:02",0.80430,1,nura1125
590,16598029,"Thảo Nguyễn Phương","2026-07-31 07:01:08",0.80406,27,thaonguyen1206
591,16631054,"Phúc Thịnh Võ Lê","2026-08-02 15:06:38",0.80406,2,phcthnhvl
592,14735566,"Phan Đăng Trọng Tín","2026-08-03 08:21:28",0.80406,1,tinphan2007
593,16693315,MuawiyaHz,"2026-08-09 07:52:34",0.80406,7,muawiyahz
594,16598794,Yoshirooo,"2026-08-11 02:51:58",0.80406,3,yoshirokushida
595,16707278,"Khai Ta Tuan","2026-08-11 11:54:01",0.80406,2,khaitatuan
596,16700225,kryfika,"2026-08-12 17:20:25",0.80406,1,kryfika
597,16714343,"Kheelit Chandrawanshi","2026-08-12 20:52:29",0.80406,3,kheelitchandrawanshi
598,16725201,"Mursal Gorchuyev","2026-08-15 12:48:48",0.80406,2,mursalgorchuyev
599,16743624,"saimong marma","2026-08-19 17:56:49",0.80406,1,saimongmarma
600,16744524,"ZIAUL KARIM SIAM 2233081552","2026-08-19 18:45:05",0.80406,1,siam2233081552
601,16748819,"Sukhbold Chimeddorj","2026-08-20 13:33:35",0.80406,1,sukhboldch
602,16765145,"Anushka Majety","2026-08-26 04:46:09",0.80406,1,anushkamajety
603,16779607,"SIVA S","2026-09-23 06:40:03",0.80406,280,codingmaster24
604,16794495,Mogamiel,"2026-08-31 02:27:16",0.80406,1,mogamiel
605,13626915,"[Deleted] 47e0de2d-ab78-469e-8bb8-bdc62e9d8c98","2026-09-04 01:48:42",0.80406,1,del=d89588b5fc014e38
606,16604259,"Kamrul Hasan","2026-09-10 06:25:03",0.80406,1,kamrulhasanabir
607,12956304,"Mario Herreros","2026-09-18 17:46:21",0.80406,1,marioherreros
608,16916575,rdcsecurity,"2026-09-22 02:54:25",0.80406,1,rafaeldcsecurity
609,16931041,"Timo Diehm","2026-09-22 08:58:51",0.80406,6,timodiehm
610,16936672,"Seitkazinov Zhalgas - 26MD0279","2026-09-22 16:04:56",0.80406,4,zseitkazinov
611,16943984,"Fat Scientist","2026-09-22 22:35:15",0.80406,1,fatscientist
612,16947565,HoangNguyen24a,"2026-09-23 14:17:54",0.80406,4,hoangnguyen24a
613,16594848,Adam1942,"2026-07-25 20:10:50",0.80383,4,adam1942
614,16501794,SoFarSoGood_26,"2026-07-26 11:08:52",0.80383,1,sofarsogood26
615,16566777,RAHA,"2026-07-26 11:37:49",0.80383,1,l4r3nn
616,16605875,"SUJITH RAJA R AI-ML","2026-07-27 14:11:23",0.80383,1,sujithrajaraiml
617,16609119,FannDrann,"2026-07-28 13:15:04",0.80383,10,fanndrann
618,16609854,lavanya,"2026-07-31 04:06:35",0.80383,1,lavanya19010
619,16620881,giakhanh,"2026-07-31 06:49:10",0.80383,3,akdsasldjalsjd
620,16617374,WaterBoy025,"2026-07-31 07:26:36",0.80383,3,waterboy250903
621,16632984,HÒn-SamA,"2026-07-31 18:10:52",0.80383,1,hnsama
622,16635054,GbordIam,"2026-08-01 11:39:26",0.80383,4,gbordiam
623,16638832,"Recep Öztürk","2026-08-01 18:00:27",0.80383,2,rcpztrrk1
624,16597451,ponpoko_tanuki,"2026-08-02 07:38:11",0.80383,3,ponpokotanuki
625,16631712,"Anh Phúc Trương","2026-08-02 15:54:00",0.80383,15,anhphctrng
626,16623207,"Johannes jiryis","2026-08-04 09:48:19",0.80383,5,johannesjiryis
627,16685680,thienchmus2025,"2026-08-07 14:43:39",0.80383,1,thienchmus2025
628,16689528,"Sergeev Dima","2026-08-09 08:23:08",0.80383,4,sergeevdima
629,16691691,"Paolo Boghos","2026-08-08 16:05:41",0.80383,3,paoloboghos
630,16698573,"Joevan Aliman","2026-08-12 07:43:43",0.80383,2,joevanaliman
631,16717971,"Coding made Easy","2026-08-13 16:20:35",0.80383,3,codingmadeeasy
632,16730078,"Hritik Jhaveri","2026-08-16 23:35:36",0.80383,1,hritikjhaveri
633,16739233,shinthurie,"2026-08-18 17:29:27",0.80383,2,shinthurie
634,16701600,"Igor Shin","2026-08-19 11:55:03",0.80383,2,igorshin7
635,16683478,野口和人,"2026-08-19 07:42:52",0.80383,3,kazuto23
636,16769574,"Tarek Mahmoud Abdelradi","2026-08-25 08:16:33",0.80383,1,tarekradii
637,16759440,"Danish Rasheed","2026-08-25 12:40:18",0.80383,6,danishrasheed19
638,16818268,"Кирилл Белоус","2026-09-03 16:52:21",0.80383,1,kbelous
639,16831613,"Bros 360x","2026-09-04 16:51:51",0.80383,5,bros360x
640,16843265,PavanKumar9938,"2026-09-06 10:48:25",0.80383,1,pavankumar9938
641,16889978,"Boonyapaween R","2026-09-14 07:31:15",0.80383,2,boonyapaweenr
642,16865880,"Marie Claire Uwiringiyimana","2026-09-14 10:48:29",0.80383,14,marieclaireuwiringiy
643,16895245,"Jackson Fenner","2026-09-17 19:42:59",0.80383,8,jacksonfenner
644,16611990,Tokey,"2026-07-30 10:06:00",0.80360,7,tokeytut
645,16688843,Eieudhj,"2026-08-08 08:14:13",0.80360,1,eieudhj
646,15584089,Abhinav0067,"2026-08-09 13:07:58",0.80360,3,abhinav0067
647,16695887,"Sergiu Postolachi","2026-08-11 08:53:08",0.80360,1,sergiupostolachi
648,16539197,Astraeus,"2026-08-14 22:34:38",0.80360,2,astraeusdotdev
649,16741251,HIDE.HARA,"2026-08-19 06:51:43",0.80360,2,hidehara
650,16681091,"Román Eliezer Pérez Ríos","2026-08-21 03:03:00",0.80360,4,perezrios
651,16752059,"Sean Connolly","2026-08-27 03:38:26",0.80360,9,seanconnolly
652,16756409,"yann-alex janssens","2026-08-23 18:07:45",0.80360,5,yannalexjanssens
653,16607956,"Aboli Kailas Shinde","2026-09-08 06:17:14",0.80360,2,"aaryadesai23,abolikailasshinde"
654,16727524,Materwan,"2026-08-24 20:59:06",0.80360,12,materwan
655,16761655,"Zafar Hamidov","2026-08-25 09:12:07",0.80360,20,zafarhamidov
656,16780643,Pac_Cee,"2026-08-27 16:55:53",0.80360,1,paccee
657,16780614,"Ariella Ampoze","2026-08-27 18:03:58",0.80360,1,ariellaampoze
658,16782620,"Tuấn Anh","2026-08-31 04:09:27",0.80360,1,tuananhdata
659,16799407,hirondelle_ken,"2026-09-01 06:17:59",0.80360,1,hirondelleken
660,16799725,"Harideesh Reddy Seelam","2026-09-01 07:03:54",0.80360,1,harideeshreddyseelam
661,16802251,"Han Bui","2026-09-01 10:45:19",0.80360,3,spbui00
662,16792462,Arian,"2026-09-04 18:04:40",0.80360,3,arian999jim
663,16811256,"FP Team","2026-09-05 22:27:36",0.80360,5,felipepizzinato
664,8329928,"Julien Heiduk","2026-09-06 16:50:55",0.80360,9,zoupet
665,16866320,"Tanuj Saxena","2026-09-10 12:48:13",0.80360,4,tanujsaxena
666,16871307,"Regalla Spurthi","2026-09-11 06:40:57",0.80360,1,regallaspurthi
667,16889802,"Kawinthida Anuniwat","2026-09-14 06:37:17",0.80360,1,kawinthidaanuniwat
668,16889946,TeetachL,"2026-09-14 14:24:27",0.80360,1,teetachl
669,16932444,"Temirlan Tashen - 26MD0286","2026-09-21 21:47:24",0.80360,17,temirlantashen
670,16937407,Joona,"2026-09-22 02:52:43",0.80360,4,joonalaunonen
671,16939532,"Alibek Mussabek - 26MD0260","2026-09-22 15:20:52",0.80360,4,mussabekalibek
672,16942932,"Abilmansur Ashim - 26MD0225","2026-09-23 14:24:16",0.80360,4,abilmansurash
673,16480535,"Tamaki NIKI","2026-07-26 13:33:44",0.80336,2,tamakiniki
674,16613050,"Thảo Lê Nguyễn Loan","2026-07-31 06:31:00",0.80336,1,tholnguynloan
675,16564549,"SAE - 137","2026-08-01 15:13:02",0.80336,1,sae137
676,16653289,"Ninh Bùi","2026-08-03 16:15:31",0.80336,2,btninh
677,16645280,"Quốc Long Nguyễn Bá","2026-08-04 18:13:03",0.80336,7,quclongnguynb
678,12806675,"Tokio Ozawa","2026-08-11 11:42:25",0.80336,4,tokioozawa
679,16668313,"Marcos Silveira #2","2026-08-12 11:51:53",0.80336,41,msilve
680,16724889,pranav_ap,"2026-08-17 18:17:33",0.80336,2,pranav96
681,16702499,KelvinBarDS,"2026-08-18 18:03:46",0.80336,5,kelvinbards
682,16743701,"ZAKI ASIF ","2026-08-19 17:40:20",0.80336,2,zakiasif
683,16745013,"Adrien Thomas","2026-08-20 01:27:48",0.80336,5,adrienthomas
684,16756398,"Johnny Lin","2026-08-22 04:55:52",0.80336,1,ojhnny
685,16765708,Stijn,"2026-08-26 12:23:57",0.80336,4,stijnn123
686,16779489,"Alex Philippi","2026-08-27 11:00:37",0.80336,2,alexphilippi
687,16794826,"xiang156 xu","2026-08-31 04:14:24",0.80336,1,xiang156xu
688,16822293,"Telmo Rodriguez","2026-09-05 11:04:11",0.80336,5,telmorodriguez
689,16866487,natyraxa,"2026-09-10 15:56:40",0.80336,1,natyraxa
690,16867148,StupidXie,"2026-09-10 17:22:00",0.80336,2,stupidxie
691,16918580,"RITHISAN T","2026-09-18 06:19:53",0.80336,1,rithisant
692,16920413,lelelela,"2026-09-18 12:25:36",0.80336,10,lelelela
693,16941547,"Bekzat Sarsenbiyev - 26MD0275","2026-09-22 12:44:29",0.80336,2,bsarsenbiyev26md0283
694,16616925,"Roopmann ","2026-07-31 03:13:53",0.80313,1,roopmann
695,8541369,"Abhishek Gajul","2026-08-03 16:34:19",0.80313,13,abhisenpai
696,16063375,"YOGANAND PATGAR","2026-08-03 16:07:10",0.80313,1,yoganandpatgar
697,16622945,sicksahill,"2026-08-09 07:53:00",0.80313,2,sicksahill
698,16713513,"Nhất Minh","2026-08-12 17:51:54",0.80313,2,minhkola
699,16711872,teddyoweh,"2026-08-12 19:08:29",0.80313,1,teddyoweh
700,16746673,stunningvn,"2026-08-20 07:35:33",0.80313,2,dedquoc
701,16729387,"Саша Беляев","2026-08-22 18:21:14",0.80313,4,sashabelyaev
702,16750568,"Zeinab Ahmed","2026-08-23 12:28:34",0.80313,3,zeinabahmed0691
703,16772411,"Nima jedari","2026-08-26 19:06:26",0.80313,1,nimajedari
704,16736453,"KORI Toshinari","2026-09-23 08:32:16",0.80313,66,koritoshinari
705,16789647,"Илья Самофалов","2026-08-29 17:39:39",0.80313,1,mell3r
706,16799621,"Liu YiHang","2026-09-03 07:09:47",0.80313,6,liuyihang026
707,16818340,"Sweekar Subedi","2026-09-03 11:27:19",0.80313,1,sweekarsubedi
708,16823828,Dailleth,"2026-09-04 00:02:09",0.80313,1,dailleth
709,16732830,"Dharin Dave","2026-09-06 13:48:47",0.80313,4,"dharindave120703,prathmeshkolekar"
710,16864926,"Mukagasirabo Beatrice","2026-09-14 06:53:54",0.80313,2,mukagasirabobeatrice
711,16887867,"Vansh Gupta #4","2026-09-18 11:22:34",0.80313,1,vanshgupta1810
712,16632489,"Trọng Phúc Nguyễn","2026-07-31 16:32:44",0.80289,1,phucnotfuc4
713,16629920,"Borodin Daniil N","2026-08-02 19:03:34",0.80289,6,borodindaniiln
714,16613615,Arjun-Times,"2026-08-02 19:14:11",0.80289,2,arjuntimes
715,16641079,"Ricardo #2","2026-08-04 13:21:45",0.80289,1,chenricardo
716,16692624,"Ali Zakaee","2026-08-09 06:31:19",0.80289,1,itheequalizer
717,16728962,"Kiamehr Moradi","2026-08-18 08:39:30",0.80289,1,kiamehrmoradi
718,16741464,ZiYiMing,"2026-08-19 06:59:39",0.80289,3,ziyiming
719,12943559,"Tommy #3","2026-08-19 23:27:34",0.80289,3,lantzor
720,16750678,Abdelrahman_SH,"2026-08-22 20:00:31",0.80289,1,abdelrahmansh
721,16764451,"Victoria Hu","2026-08-24 20:34:07",0.80289,3,victoriaxhu
722,16763140,sowhatwillwelearn,"2026-08-28 11:54:45",0.80289,2,sowhatwillwelearn
723,16797140,"Armaghan Lodhi","2026-08-31 16:37:07",0.80289,2,armaghanlodhi
724,9768480,"Ameya Chitnis","2026-08-31 18:06:42",0.80289,1,ameyachitnis
725,16890071,"Thanakit Lakonpol","2026-09-14 07:39:44",0.80289,2,thanakitlakonpol
726,10882014,"Kuba Kościan","2026-09-18 07:33:47",0.80289,18,kubakocian
727,16764930,"Yuji Fukumoto","2026-09-18 03:59:15",0.80289,2,yujitest
728,16894167,"Eduardo Arenas 3","2026-09-23 03:09:20",0.80289,2,eduardoarenas3
729,16925600,Amith12yo,"2026-09-23 04:13:09",0.80289,3,amith12yo
730,16947506,"Linh 20 Nguyễn Ngọc","2026-09-23 14:11:10",0.80289,3,linh20nguynngc
731,16597910,"Adnan Sarhan","2026-07-26 08:07:58",0.80266,1,adnansarhan02
732,16618487,"Tien Thinh","2026-07-31 04:21:06",0.80266,1,tigerhasagun
733,16632407,"Kiều My 8427","2026-07-31 16:02:42",0.80266,1,kiumy8427
734,16638418,"Lê Minh Sang","2026-08-01 18:49:54",0.80266,3,lminhsang241
735,16645972,"EUNWOO L","2026-08-03 07:17:04",0.80266,1,eunwool
736,16674188,anjipoo,"2026-08-06 09:18:25",0.80266,1,anjana0812
737,16690932,"Aseer Muntaqueem Arko","2026-08-14 14:31:13",0.80266,6,aseermuntaqueemarko
738,16728403,"NGUYEN LE NHAT THANH","2026-08-16 12:14:46",0.80266,1,nguyenlenhatthanh
739,16605371,donkedo,"2026-08-20 21:09:44",0.80266,22,donkedo
740,16750548,Rania121,"2026-08-23 14:12:36",0.80266,9,rania121
741,16859090,JUSTLIKEABUTTERFLY,"2026-09-09 12:52:30",0.80266,10,justlikeabutterfly
742,16862539,"Divyanshu Sharma","2026-09-10 17:11:37",0.80266,1,divyanshusharma9
743,16884299,DancingLumberjack,"2026-09-13 03:56:03",0.80266,1,jamesmcgarryiv
744,16922428,istemi25,"2026-09-18 21:45:32",0.80266,1,mrfender22
745,16461594,"Busya PRIME","2026-09-20 14:01:46",0.80266,1,busyaprime
746,16932453,"Stefan Bliah","2026-09-22 19:59:07",0.80266,4,stefanbliah
747,16947240,"Aidyn Nashibayev - 	26MD0009","2026-09-23 12:47:06",0.80266,5,aidynnashibayev
748,16947561,"Yerassyl Mutaliyev - 26MD0256","2026-09-23 13:00:51",0.80266,2,yerassylmutaliyevuni
749,16594553,"Aryan Chande","2026-07-26 18:20:18",0.80243,1,aryanchande
750,14843688,SuperKaren,"2026-07-28 07:26:05",0.80243,1,superkaren
751,16631933,AlexandreSH,"2026-08-02 10:03:15",0.80243,5,alexandresh
752,16648990,"Titthal Prajapati","2026-08-03 07:42:00",0.80243,2,titthalprajapati
753,16653028,mazide,"2026-08-04 02:03:16",0.80243,1,mazide
754,16689513,ghdfeccc,"2026-08-08 10:15:08",0.80243,6,ghdfeccc
755,16699940,"ziye xie","2026-08-12 07:54:22",0.80243,1,ziyexie
756,16706248,"nozhan emami","2026-08-14 07:48:33",0.80243,9,nozhanemami
757,16658922,zzzhhcc,"2026-08-22 17:43:04",0.80243,25,zzzhhcc
758,16768250,"Mushirarungu Ghislaine","2026-08-24 21:55:35",0.80243,1,mushirarungughislai
759,16764586,aueurm,"2026-08-25 11:50:57",0.80243,1,aueurm
760,16414826,"Yann AB","2026-08-28 04:44:23",0.80243,4,yaitbachir
761,16818561,"Rachmat S. Haryadi","2026-09-03 11:47:50",0.80243,1,rachmatsharyadi
762,16810655,"Arjun Vats","2026-09-04 19:48:14",0.80243,9,arjunvats1
763,16840363,muew-dev,"2026-09-05 19:34:04",0.80243,2,muewdev
764,16865472," Claire Niyomugenga","2026-09-11 04:12:24",0.80243,1,claireniyomugenga
765,16870683,"Yusuke Togashi","2026-09-13 03:28:12",0.80243,4,yusuketogashi
766,16885569,"Zhilei Qiu","2026-09-13 09:18:30",0.80243,1,amatlas
767,16889667,"Kanyaphak Thongwiset","2026-09-14 07:38:49",0.80243,6,kanyaphakthongwiset
768,16891674,"uwimana Xaverine","2026-09-16 14:18:49",0.80243,1,uwimanaxaverine
769,16840011,"Deeptanshu Giri","2026-09-19 06:40:27",0.80243,2,deeptanshugiri
770,16879123,"Chaoran Meng","2026-09-19 07:12:36",0.80243,1,chaoranmeng
771,16610160,Michi,"2026-07-29 09:49:28",0.80219,6,gravitydrowned
772,16587588,"Gaurav Mehta","2026-07-29 10:44:31",0.80219,2,gauravmehtaaa
773,16632395,Chuiss,"2026-07-31 15:57:54",0.80219,1,chuiss
774,16621679,"Harsh Dalvi","2026-08-01 20:06:08",0.80219,1,harshxdalvi
775,16643357,"GIA BAO MAI","2026-08-02 16:51:39",0.80219,1,giabaomai
776,16648383,M-Merto,"2026-08-03 08:16:42",0.80219,1,mmerto
777,16684570,Abhas20,"2026-08-10 17:34:08",0.80219,3,abhas20
778,16645812,"Dream Road","2026-08-16 16:07:29",0.80219,1,dreamroad1729
779,16743709,"NAZMUL ISLAM 2233081528","2026-08-19 16:47:14",0.80219,1,nazmulislam528
780,16748668,"Carrie Tian","2026-08-20 16:48:39",0.80219,1,carrietian
781,16743253,luca2317,"2026-08-21 09:31:02",0.80219,20,luca2317
782,16750566,"Mohammed Sobhy","2026-08-23 08:33:18",0.80219,1,engmohammedsobhy
783,16716788,"hai ngy","2026-08-24 07:47:28",0.80219,10,haingy
784,16789864,"Stefanus Benhard","2026-08-29 10:48:43",0.80219,2,benhardstefanus
785,16765058,daiyijeiwiwi,"2026-08-31 02:17:00",0.80219,1,daiyijeiwiwi
786,16795357,"Mahi Avidi","2026-08-31 06:37:15",0.80219,1,mahiavidi
787,16800050,quantete,"2026-09-02 09:08:39",0.80219,5,quantete
788,16862550,S_Zahid_Hussain,"2026-09-09 19:30:14",0.80219,1,szahidhussain
789,16920309,Dilnoza,"2026-09-19 13:06:29",0.80219,1,rahmatillayeva
790,16929869,"Subrato Dutta","2026-09-20 11:01:55",0.80219,5,subratodutta05
791,16925919,"Maria Eduarda","2026-09-21 19:14:30",0.80219,2,messantos
792,16942126,"Yerassyl Kudaibergenov-26MD0253","2026-09-22 15:05:59",0.80219,2,ykudaibergenovkbtu
793,16947562,"Alikhan Nurbay - 26MD0265","2026-09-23 13:24:37",0.80219,2,alikhannurbay
794,16591590,"Luke Stafford","2026-07-27 21:08:56",0.80196,3,luketstafford
795,13509004,"Boris Vanechkin","2026-08-08 19:14:55",0.80196,4,snthnk
796,16091659,"Koustav Roy Aradhya","2026-08-02 15:59:13",0.80196,2,koustavroyaradhya
797,16393329,Kanginhan,"2026-08-01 02:06:18",0.80196,1,kanginhan
798,16663458,SrinjaySingh,"2026-08-06 13:00:42",0.80196,2,srinjaysingh
799,16608501,Jiang,"2026-08-12 09:20:16",0.80196,17,nightsr
800,16731081,"Pranaja ","2026-08-18 03:49:26",0.80196,1,pranaja
801,16743091,"Tamanna Akter Sweety","2026-08-19 18:32:39",0.80196,1,tamannaaktersweety
802,16752210,SHL2026,"2026-08-22 13:43:48",0.80196,12,shl2026
803,16738454,RATULHASAN1,"2026-08-21 17:45:09",0.80196,1,ratulhasan1
804,16769076,Ssonn85,"2026-08-25 18:04:00",0.80196,1,ssonn85
805,16733505,"Thomas Deng","2026-08-28 00:13:29",0.80196,5,tdeng24
806,16884426,"Taehyeon Kim","2026-09-13 10:39:34",0.80196,1,tajbutterchicken
807,16885866,okkkkkka,"2026-09-13 17:00:27",0.80196,1,okkkkkka
808,16889869,Tagsaporn.m@kkumail.com,"2026-09-14 06:54:28",0.80196,1,tagsapornmkkumailcom
809,15663890,IAMNAMNAM,"2026-09-20 17:53:18",0.80196,1,iamnamnam
810,16618826,Yashwanth110606,"2026-07-30 11:59:39",0.80173,1,yashwanth110606
811,16610928,"vibhav jana","2026-07-30 15:19:05",0.80173,8,vibhavjana
812,16631113,"Kerem Meriç","2026-07-31 14:49:26",0.80173,2,keremmeric
813,16600647,"lee jaemin","2026-08-01 02:46:43",0.80173,6,leejaemin01
814,16641519,Goatvotrieu,"2026-08-02 12:49:21",0.80173,1,goatvotrieu
815,16741401,kit-arm-ra,"2026-08-19 06:43:43",0.80173,1,horitakenkitamura
816,16746749,"Kanak Kirti Sharma","2026-08-20 06:52:02",0.80173,1,kanakkirtisharma
817,16759477,MLorenzo,"2026-08-23 13:48:47",0.80173,1,lorenzomontin99
818,16769663,AllenCheng329,"2026-08-25 10:58:24",0.80173,2,allencheng329
819,16815958,"Tanvir Siddique","2026-09-03 11:15:59",0.80173,1,tanvirsdq
820,16716254,"Aman Bhardwaj","2026-09-07 17:56:11",0.80173,1,amanbhardwaj75
821,16883892,awwa,"2026-09-13 04:32:19",0.80173,1,awwa99
822,16756590,"Osama Mohamed Hatem","2026-09-14 23:26:51",0.80173,7,osamakhsfiuhaidufhiu
823,14316434,"Artem Diachenko","2026-09-16 22:58:04",0.80173,3,artemdiachenko
824,16916474,fedos911,"2026-09-19 05:04:43",0.80173,3,fedos911
825,16936211,FIFSAK,"2026-09-21 13:27:43",0.80173,2,fifsak
826,16936413,"Assem Temirbay - 26MD0375","2026-09-22 15:25:32",0.80173,5,assemtemirbay0375
827,16941443,"Anuar Kurmanov - 26MD0365","2026-09-22 11:27:51",0.80173,2,anuarkurmanov
828,16590882,"Jack Zhang #2","2026-07-25 16:45:30",0.80149,4,zhangqunyuan
829,16025159,5herman5,"2026-07-31 06:38:38",0.80149,4,anonymoususer99
830,16635234,"Hager Amr","2026-08-01 09:08:13",0.80149,1,hageramr870
831,16652240,"Kavya Shankar","2026-08-03 18:21:07",0.80149,1,kavyashankar0625
832,16697619,MariaAQI,"2026-08-09 19:33:26",0.80149,1,mariaaqi
833,16726001,Andrés,"2026-08-15 21:30:34",0.80149,3,anvega99
834,16740824,"Jayachandiran K","2026-08-19 04:42:59",0.80149,1,jayachandiran007k
835,16731658,"Shivangi Mishra","2026-08-27 09:38:57",0.80149,11,shivangimishra0709
836,16795146,"Michael Einzbern","2026-08-31 14:44:50",0.80149,6,michaeleinzbern
837,16856015,"Aditya Sharma #7","2026-09-08 19:13:38",0.80149,1,aditya1250sh
838,16925263,"Andrei Nicolae","2026-09-19 13:31:45",0.80149,4,andrein0
839,16854691,"Shair Khan","2026-09-20 09:23:07",0.80149,3,datascikhan
840,16938940,"Karol Gutierrez Celis","2026-09-22 01:54:42",0.80149,3,karolgutierrezcelis
841,16939025,JohanHerreraM,"2026-09-22 02:00:24",0.80149,1,johanherreram
842,16941928,"SARA MARIN","2026-09-22 13:24:11",0.80149,1,saramarin0502
843,16941556,"Alibek Baisholanov - 26MD0632","2026-09-22 14:21:49",0.80149,2,alibek26md0632
844,16475065,gkumar2606,"2026-07-25 17:43:47",0.80126,1,gkumar2606
845,16608342,"Kavucika ","2026-07-29 05:24:19",0.80126,1,kavucika
846,16617657,haimytran,"2026-07-31 05:20:09",0.80126,1,haimytran
847,16617672,Bhavanitha_R,"2026-07-31 07:47:16",0.80126,2,bhavanithar
848,16632139,"Nam Vũ Thành","2026-07-31 15:47:18",0.80126,3,duckyluckyu
849,16633866,"Liyan Zhao","2026-08-01 01:09:18",0.80126,1,liyanzhao20120719
850,16619623,"Võ Quỳnh Nhi","2026-08-02 17:13:26",0.80126,1,vqunhnhi
851,15570898,"SANCHI SHARMA","2026-08-06 12:08:17",0.80126,1,codex5843
852,16705231,Gavinkeith,"2026-08-11 03:54:57",0.80126,1,gavinkeith666
853,16702342,"Karthik Gadagi","2026-08-11 05:56:38",0.80126,6,karthikgadagi
854,16705189,"Aravindan Chidambaram","2026-08-12 11:21:59",0.80126,1,aravindanchidambaram
855,16671619,ykzhang111,"2026-08-14 08:09:58",0.80126,7,ykzhang111
856,15172398,"Haritha Sarode","2026-08-17 09:37:38",0.80126,10,harithasarode
857,16738847,Engkhaledmo,"2026-08-20 12:26:47",0.80126,1,engkhaledmo
858,16705817,dundee5252,"2026-08-23 08:43:12",0.80126,1,dundee5252
859,16758614,"Sohaila Samy Galal","2026-08-23 12:33:08",0.80126,2,sohailasamygalal
860,16766887,"27107 Iratuzi Mahoro Caleb","2026-08-24 17:28:56",0.80126,1,iratuzimahorocaleb
861,16839646,"Shoko SH","2026-09-07 11:53:42",0.80126,9,shokos64
862,16386826,steven,"2026-09-09 07:10:36",0.80126,1,ideaplatsteven
863,16940388,"Angaddeep Singh5875","2026-09-22 08:54:31",0.80126,2,angaddeepsingh5875
864,16600204,EfeBDK12,"2026-07-29 13:38:52",0.80102,1,kronos1233
865,16625131,"BẢO NGUYỄN HUỲNH GIA","2026-07-31 16:19:50",0.80102,2,bonguynhunhgia
866,16623446,"João Beirão","2026-07-31 20:48:07",0.80102,2,johnbeirao
867,16641091,"Tita Kongolo","2026-08-02 22:49:06",0.80102,2,titakongolo
868,16689503,"Арсений Н","2026-08-09 07:03:14",0.80102,13,paparola
869,13266533,cgraab,"2026-08-14 11:58:11",0.80102,1,cgraab
870,16751398,"Lizhao Chen","2026-08-21 03:27:13",0.80102,1,clizo1209
871,16763969,"Kim Seong Hwan","2026-08-24 03:23:20",0.80102,4,seonghwan0801
872,16793609,erggtergerg,"2026-08-30 16:21:39",0.80102,3,erggtergerg
873,16844221,许文定,"2026-09-07 16:51:54",0.80102,2,shanjiao
874,16889736,"Peemdech Klanking","2026-09-14 06:39:01",0.80102,1,peemdechklanking
875,16910807,kl2500032221,"2026-09-17 04:15:48",0.80102,1,kl2500032221
876,16940760," Yannam.Harshitha","2026-09-22 08:55:29",0.80102,1,yannamharshitha
877,16290846,"Igor Karczmarczyk","2026-07-27 14:15:00",0.80079,4,igorkarczmarczyk
878,16270258,"Juan Miguel Vilar","2026-07-29 11:56:28",0.80079,2,juanmiguelvilar
879,16611905,"lucky king","2026-08-01 05:31:33",0.80079,1,luckyking123123213
880,16686241,"Lev Bushuev","2026-08-12 17:31:04",0.80079,12,levbushuev
881,16689573,Saturn8,"2026-08-08 12:55:36",0.80079,2,saturn8
882,16510644,"Nick #5","2026-08-09 22:48:15",0.80079,1,jomutta
883,16705711,CLOWN1111,"2026-08-12 07:40:08",0.80079,1,clown1111
884,16718114,"Sam Lee26710","2026-08-13 16:47:53",0.80079,1,samlee26710
885,11711590,Diego0rlando,"2026-08-14 22:05:18",0.80079,2,diego0rlando
886,16728265,"Петр Соломонов","2026-08-17 10:36:22",0.80079,7,petya007
887,16750618,"Fathy Abderabbo","2026-08-23 12:25:52",0.80079,1,fathypepo
888,16741593,chueta,"2026-09-02 04:44:36",0.80079,19,chueta
889,16794622,"Danny Poon","2026-09-19 16:29:50",0.80079,3,dannypoon
890,10156079,RFeng12,"2026-09-01 14:55:34",0.80079,1,rfeng12
891,16796075,"Esther Charming","2026-09-06 18:43:26",0.80079,1,esthercharming
892,16608408,nandhakumar_k@109,"2026-07-31 06:38:37",0.80056,1,nandhakumark109
893,16635768,"Divine Oguche","2026-08-01 15:49:07",0.80056,2,divineoguche
894,16648301,"MOHAMMAD KHOLGHAHMADI","2026-08-04 17:04:17",0.80056,4,mohammadkholghahmadi
895,16659462,"Kacper Jasinski","2026-08-05 12:52:35",0.80056,1,jasinskikacper
896,16668387,"Soumen Sen","2026-08-07 05:38:57",0.80056,2,soumensen31
897,16693376,"Sumit Bartwal","2026-08-09 05:01:01",0.80056,1,sumitbartwal
898,16715555,"Aayush Jha","2026-08-13 04:19:14",0.80056,1,aayushjha2341
899,16767064,"Nuo Chen #2","2026-08-24 16:31:16",0.80056,1,nuochen1314
900,16202253,kuba_kosowicz,"2026-09-01 15:23:12",0.80056,1,jacooob21
901,16895335,"Hoàng Nam","2026-09-15 09:32:02",0.80056,2,thisislumine
902,16002744,"Peng Wang","2026-07-26 13:25:32",0.80032,2,aaa31416666
903,16503841,AbnerFranca2284,"2026-08-05 19:03:59",0.80032,5,abnerfranca2284
904,16613946,MonsieurDuck,"2026-07-31 14:08:41",0.80032,4,monsieurduck
905,16643099,thuongnguoiquantu,"2026-08-02 18:37:21",0.80032,2,thuongnguoiquantu
906,15373194,AyanshJain7,"2026-08-08 09:35:12",0.80032,2,ayanshjain7
907,16725562,"Gayatri Gundad","2026-08-15 17:15:21",0.80032,1,gayatrigundad
908,16724557,AUREVON,"2026-08-17 07:28:59",0.80032,1,"abuubidawadi,sayeebrahman"
909,16744325,Fahad509,"2026-08-19 18:21:34",0.80032,1,fahad509
910,16779405,"Mc. Sergik","2026-09-04 15:01:09",0.80032,26,mcsergik
911,16866714,SaadUllahUni,"2026-09-10 17:14:17",0.80032,2,saadullahuni
912,16889721,"Kanyawee Singlee","2026-09-14 06:50:23",0.80032,2,kanyaweesinglee
913,16893948,"Christian Andre Rodriguez Angeles","2026-09-16 03:44:05",0.80032,1,andrerodan
914,16917844,callmewwd,"2026-09-18 07:15:35",0.80032,3,callmewwd
915,16939420,"Adilov Amir - 26MD0353","2026-09-22 04:24:42",0.80032,2,adilovamir26md0353
916,16937063,"[Deleted] 7e65d026-f8d7-466b-9274-0e857de976fb","2026-09-22 04:37:35",0.80032,3,del=19164034b0e116fa
917,16943606,dbacuity,"2026-09-22 19:58:27",0.80032,1,dbacuity
918,16598349,"Kir Bor","2026-07-25 14:20:21",0.80009,1,abkir1
919,16601627,"Trần Minh Khôi","2026-07-27 13:11:12",0.80009,2,khoidev
920,16610632,"Bảo Dương (Crinkk)","2026-07-29 09:31:31",0.80009,8,crinkk
921,16594967,"Sebastian Flores","2026-07-30 01:00:06",0.80009,3,sebastianfloresxp
922,16608788,"Quốc Nguyễn Huỳnh Nam","2026-08-02 14:51:22",0.80009,2,qucnguynhunhnam
923,16641759,SnakenSnake,"2026-08-08 13:02:28",0.80009,9,michael1horse
924,16740848,Tanzim-322,"2026-08-19 17:16:31",0.80009,2,thomasshelby789
925,16742450,"MD. MAHMUDUL HASSAN 2233081348","2026-08-19 18:26:10",0.80009,1,mahmudulh02
926,16758910,"Byron Leukemans","2026-08-22 15:30:59",0.80009,6,byronleukemans
927,15601091,"Gagan Danapune","2026-08-24 04:36:34",0.80009,1,gaganbd
928,16777357,"Abraham Cedillo","2026-08-27 23:12:53",0.80009,2,abrahamcedillo
929,16861809,"Lin Alpha","2026-09-12 04:43:58",0.80009,11,alphalin2010
930,16890041,"Komchan Worasarn","2026-09-14 07:29:13",0.80009,1,komchanworasarn
931,16915655,ZHAOshibo,"2026-09-19 13:47:11",0.80009,2,sipeenys
932,16694759,SumitVerma0321,"2026-08-12 07:15:03",0.79985,1,sumitverma0321
933,16701810,"Zac Strom","2026-08-13 02:41:21",0.79985,4,zacstrom
934,16723899,"Maaz Shuaib","2026-08-18 16:07:28",0.79985,5,maazshuaib
935,16753380,"Jun hyeong Kim","2026-08-23 08:05:22",0.79985,5,junhyeongkim327
936,16887578,"Dev Dhruv Singh","2026-09-13 19:47:46",0.79985,1,devdhruvsingh
937,16909158,"Jiaheng Liao","2026-09-17 02:08:39",0.79985,3,liao2007
938,16947420,Dpnqc,"2026-09-23 13:44:49",0.79985,9,dpnqcpwld
939,16608872,arunadevi08,"2026-07-28 11:51:49",0.79962,1,arunadevi08
940,16537202,"Wajih ul Hassan","2026-07-30 07:35:40",0.79962,2,wajihulhassan369
941,16655636,raozhongxun,"2026-08-04 14:21:15",0.79962,1,raozhongxun
942,16693651,Maji3429,"2026-08-10 07:40:14",0.79962,4,maji3429
943,16699763,"sherif ammar","2026-08-12 07:34:10",0.79962,2,sherifammar
944,16741400,"Fumiaki Tsuru","2026-08-19 06:41:29",0.79962,1,fumiakitsuru
945,16760289,"ADHAM ABDELKADER","2026-08-22 23:44:58",0.79962,1,adhamabdelkader1
946,16752520,"James YH Choi","2026-08-23 23:50:55",0.79962,13,jamesyhchoi
947,16805975,"Muhammad Adnan Shahzad","2026-09-02 01:42:29",0.79962,1,muhammadadnanshahzad
948,16840295,­최성민,"2026-09-06 06:41:04",0.79962,5,blazeykits
949,16780806,"David MILINDI Shema","2026-09-08 15:43:49",0.79962,2,davidmilindishema
950,16867451,"24P-0031 Altaf Hussain","2026-09-10 15:17:59",0.79962,1,altafhussain24p0031
951,16887953,"José #2","2026-09-13 21:03:49",0.79962,2,kevinz123456
952,16889627,"Герман Мазздам","2026-09-15 08:04:13",0.79962,5,mazzdam
953,16612786,KSJ0207,"2026-07-29 23:36:24",0.79939,2,ksj0207
954,16616723,xuanfengdabainiu,"2026-07-30 06:54:48",0.79939,1,xuanfengdabainiu
955,16628806,NguyenLeGiaBaoBKU,"2026-07-31 13:05:29",0.79939,1,nguyenlegiabaobku
956,16635225,luobidagu,"2026-08-01 12:56:05",0.79939,2,luobidagu
957,16596716,AnthonyEC,"2026-08-01 12:37:45",0.79939,4,anthonyec
958,16613756,VisiBalint,"2026-08-03 14:42:40",0.79939,9,visibalint
959,16716969,"Luca Martinoia","2026-08-14 07:53:34",0.79939,2,lucamartinoia
960,16714110,"Nisarg Patel #3","2026-08-20 14:58:41",0.79939,4,nishpatel06
961,16771621,"Joao Gabriel Angelo Bradachi","2026-08-26 18:01:26",0.79939,9,jbradachi
962,16778812,"Pavel #2","2026-08-27 08:32:56",0.79939,5,bpa0908
963,16838308,"Anupam Payra","2026-09-06 05:20:28",0.79939,1,anupampayra
964,16856077,"Hassan Wadi","2026-09-09 18:19:48",0.79939,6,hassanwadi
965,16805988,"Rifat Hasan 404","2026-09-12 18:41:58",0.79939,2,rifathasan404
966,16886365,北科大-莊旻諺,"2026-09-13 13:01:56",0.79939,1,minyanzhuang
967,16884764,Muhammadali,"2026-09-15 03:11:29",0.79939,2,alimovv
968,16916912,"Danuli Nulara","2026-09-20 09:50:20",0.79939,3,danulinulara
969,16941354,"Meier Jorik","2026-09-22 13:12:54",0.79939,1,meierjorik
970,16941724,"Ykylas Nurkhan","2026-09-22 15:08:11",0.79939,4,ykylasnurkhan
971,16588260,"Faiz Shaikh","2026-07-25 20:47:51",0.79915,1,faizshaikh2300
972,16601828,silverback_256,"2026-07-26 14:06:26",0.79915,2,hustle256
973,16630188,"Prof. Dr. Jefferson T.","2026-07-31 10:38:18",0.79915,1,profdrjeffersont
974,16624001,Qtrong,"2026-08-02 09:48:09",0.79915,13,trantrong1008
975,16734734,"YANG YUMING","2026-08-18 06:18:07",0.79915,10,popcorn77
976,16743522,"shahriar muttakin","2026-08-19 14:53:53",0.79915,2,shahriarmuttakin
977,16716116," kelvin jira","2026-08-26 12:15:30",0.79915,1,kelvinjira
978,16596759,"sohit sai","2026-09-02 11:34:21",0.79915,1,sohitsai
979,16733580,LicheA13,"2026-09-02 20:40:40",0.79915,1,lichea13
980,12736461,"André Luiz Pedroso","2026-09-10 18:47:14",0.79915,1,andreluizpedroso
981,16904770,Ubaidkh77,"2026-09-16 06:58:07",0.79915,1,ubaidkh77
982,16938109,Asmit_Kumar,"2026-09-21 19:52:26",0.79915,2,asmitkumar44648
983,16942818,"Muntasir Mamun396","2026-09-22 16:48:16",0.79915,3,muntasirmamun396
984,16669583,つるげーねふ,"2026-08-05 18:10:41",0.79892,1,atom7666
985,16670646,Brevix,"2026-08-05 22:41:49",0.79892,1,brevix
986,16734056,Paseka567,"2026-08-18 15:37:43",0.79892,4,paseka567
987,16735462,"Jesvin Vijesh","2026-08-19 06:29:05",0.79892,2,jesvinmsj
988,16742158,"SAD IBNE MUSA NABIL 2233081006","2026-08-19 12:04:00",0.79892,1,musa1133
989,16732511,"Sid Kagenou","2026-08-19 15:03:55",0.79892,1,csaisid
990,16744038,"ANTOREEP Bayzid","2026-08-19 18:38:43",0.79892,1,antoreepbayzid
991,16745711,"MASHEAT TAHSIN","2026-08-20 03:39:59",0.79892,1,masheattahsin
992,16789649,KusatsuMotoki,"2026-08-29 08:54:38",0.79892,1,kusatsu0932
993,16777501,tact,"2026-09-21 08:27:10",0.79892,4,mototact
994,16600525,"Muhammad Awais Tariq","2026-07-28 05:51:19",0.79869,3,muhammadawaistariq87
995,16742821,"Kanish Fatema ","2026-08-19 12:20:15",0.79869,1,kanishfatema
996,16744900,"Viswathish Dinesh","2026-08-21 01:20:54",0.79869,1,viswathishdinesh
997,16752616,yunacha,"2026-08-21 08:32:54",0.79869,7,yunacha
998,16754438,"Abolfazl Bokharayi","2026-08-21 21:06:20",0.79869,5,abolfazlbokharayi
999,16724752,"infp zou","2026-08-23 09:23:22",0.79869,2,infpzou
1000,16916247,"Vivian Azarine","2026-09-17 18:32:21",0.79869,1,vivianazarine
1001,16916776,MGi2911,"2026-09-18 09:41:20",0.79869,2,mgi2911
1002,16060187,mtsbr_bg,"2026-09-21 07:51:47",0.79869,8,mtsbrbg
1003,16689522,ExceptionEchoTeam,"2026-08-08 12:48:55",0.79845,8,exceptionechoteam
1004,16701853,"Samuel Uraj","2026-08-10 15:37:27",0.79845,1,samuel282006
1005,16701806,Kasra__A166,"2026-08-12 15:25:55",0.79845,3,kasraa166
1006,16752486,KimJuHan,"2026-08-23 14:12:46",0.79845,2,kimkimjuhan
1007,16762272,dongyeon,"2026-08-24 06:04:59",0.79845,6,ariuck
1008,15356683,Michito,"2026-09-20 10:43:56",0.79845,4,michito
1009,16798530,MCardoso4,"2026-09-02 16:50:09",0.79845,2,mcardoso4
1010,16867590,"Rose Umutesi","2026-09-10 19:09:02",0.79845,7,roseumutesi
1011,16766734,Vlodus,"2026-09-19 14:35:24",0.79845,7,vlodus
1012,16939255,"Laura Camila Gutiérrez","2026-09-22 03:38:45",0.79845,1,lauracamilagutirrez
1013,16941884,CRICAPOGA,"2026-09-22 13:14:24",0.79845,1,cricapoga
1014,16941907,"Michael Steven Naranjo Bautista","2026-09-22 13:20:52",0.79845,1,michaelnaranjo
1015,16941930,"Kamila Bagdat 26MD0357","2026-09-22 13:51:44",0.79845,2,kamabagdat
1016,16609047,"Aditya Vikram Singh","2026-08-01 07:09:10",0.79822,1,adizz321
1017,16681784,"mohsen safari0","2026-08-14 15:27:00",0.79822,3,mohsensafari0
1018,16689452,"Maria Aqdas","2026-08-18 17:39:17",0.79822,2,mariaaqdas
1019,16843156,Hollyz,"2026-09-06 10:45:53",0.79822,2,abikoshissa
1020,16673177,yadnyesh8,"2026-09-09 12:57:01",0.79822,1,yadnyesh8
1021,16672944,"Manas Pote","2026-09-10 06:25:16",0.79822,1,manaspote
1022,16907425,"Ahmet Odb","2026-09-16 16:52:10",0.79822,2,ahmetodb
1023,16888199,"Santiago Alberto Vargas","2026-09-20 16:38:15",0.79822,1,santiagovar
1024,16610482,"Navnith N","2026-07-28 18:11:27",0.79798,1,navnithn
1025,16612093,"Nathish nataraj","2026-07-31 05:47:41",0.79798,1,nathishnataraj
1026,16594270,"Konstantin Belikov","2026-07-31 11:29:05",0.79798,3,konstantinbelikov
1027,16688321,知云有声,"2026-08-08 02:40:44",0.79798,1,cloudrunnnnn
1028,16689872,cuplava,"2026-08-09 09:34:12",0.79798,1,cuplava
1029,16696221,"Sedra Sy","2026-08-12 21:28:53",0.79798,1,sedrasy
1030,16739320,Param16,"2026-08-20 11:33:55",0.79798,7,param16
1031,16794197,NihatKac,"2026-09-01 09:57:05",0.79798,1,nihatkac
1032,16833062,RomainSSS,"2026-09-04 23:46:15",0.79798,2,romainsss
1033,16889631,"Teeramet Saikham","2026-09-14 07:56:31",0.79798,4,teerametsaikham
1034,16784092,"Karisa Zihni","2026-09-20 18:17:22",0.79798,5,karisazi
1035,16940603,"Nurbakyt Anuarov - 26MD0223","2026-09-22 08:50:34",0.79798,2,nurbakytanuarovkbtu
1036,16945340,"Aizhan Salimova - 26MD0273","2026-09-23 11:07:10",0.79798,5,aizhansalimova0414
1037,16651548,Shristi_id,"2026-08-07 08:57:27",0.79775,1,shristiid
1038,16752454,"Mihnea Munteanu","2026-08-21 08:49:19",0.79775,5,mihneamunteanu
1039,16810385,"Dmitriy Vorobushek","2026-09-05 11:28:53",0.79775,4,dmitriyvorobushek
1040,16917884,Bronze4,"2026-09-18 15:55:52",0.79775,1,"darianhu,tylerharsell"
1041,16841270,"İhsan Can","2026-09-20 17:57:40",0.79775,1,hsancan
1042,16937861,"Yuriy Kim - 26MD0634","2026-09-22 11:58:02",0.79775,2,yuriykim26md0634
1043,16945958,"Даниял Тузелбаев","2026-09-23 07:51:24",0.79775,1,holydanchik
1044,16623931,"Trung Quân","2026-08-02 14:38:45",0.79752,1,trantrungquanhcmut
1045,16689542,"Nika Popova","2026-08-08 12:47:08",0.79752,4,nikapopova
1046,16599566,"Anuj Andhale","2026-08-15 07:47:18",0.79752,1,anujandhale
1047,16764179,dreaminsea,"2026-08-25 11:41:45",0.79752,4,dreaminsea
1048,16772429,"Володимир Онащук","2026-08-28 20:06:13",0.79752,1,qhukz13
1049,16861677,strmnt,"2026-09-11 02:46:45",0.79752,2,sotanimura
1050,16808740,educhamizo,"2026-09-13 12:54:34",0.79752,2,educhamizo
1051,16924592,"Bhagirath Argade","2026-09-19 10:18:52",0.79752,1,bhagirathargade
1052,16574349,huangweihaohuang,"2026-07-27 02:35:09",0.79728,1,huangweihaohuang
1053,16608868,"DHANALAKSHMI R","2026-07-29 16:51:05",0.79728,1,dhanaravi
1054,16672395,"Sri Surya . D","2026-08-06 07:06:13",0.79728,1,srisuryad
1055,11596080,"Jean Yves Simon","2026-08-15 20:33:27",0.79728,1,jeanyvessimon
1056,16766059,uareright1,"2026-08-25 05:07:07",0.79728,3,uareright1
1057,16896206,SHIHAO,"2026-09-17 13:01:56",0.79728,1,wujiu0
1058,16940600,"Eldar Sharapov - 26MD0293","2026-09-22 08:09:02",0.79728,2,eldarsharapov26md
1059,16936531,"Pulat Yakupov - 26MD0297","2026-09-22 08:37:59",0.79728,2,pulatyakupov26md0297
1060,16947435,"Đình Minh Nguyễn","2026-09-23 13:53:04",0.79728,2,minhndmta
1061,16592076,"Bhaskar Yarakaraju","2026-08-04 12:41:11",0.79705,8,bhaskaryarakaraju
1062,16731866,"Ignacio Hernandez Bas","2026-08-17 10:47:34",0.79705,1,ignaciohernandezbas
1063,16742036,"Tanzina Akter Liza","2026-08-19 09:09:27",0.79705,1,tanzinaliza
1064,16719120,Aaron7990,"2026-08-21 00:48:48",0.79705,7,aaron7990
1065,16749040,"Federico Agustín GC","2026-08-24 01:34:23",0.79705,1,federicoagustngc
1066,16844480,"Phong Trịnh","2026-09-07 03:58:48",0.79705,3,phongtrnh
1067,16927737,NickNeonNeon,"2026-09-20 10:28:46",0.79705,10,nickneonneon
1068,16929890,NeonNickNick,"2026-09-20 10:49:02",0.79705,1,neonnicknick
1069,16936320,"Sharipov Damir - 26MD0294","2026-09-22 07:24:39",0.79705,2,sharipovdamir
1070,16943778,"Al'bina Yermek 26MD0237","2026-09-22 21:13:15",0.79705,1,albinayermek26md0237
1071,16630568,"Aleksandr Shmurygin","2026-08-02 16:08:32",0.79682,3,aleksandrshmurygin
1072,16652944,"maisie Leddin","2026-08-03 19:40:01",0.79682,3,maisieleddin
1073,16664900,"Mohit Boura","2026-08-08 10:59:40",0.79682,4,"mohitboura,tejal1123"
1074,14292552,"Shailendra Kesarwani","2026-08-06 10:16:57",0.79682,14,shailendrakesarwani
1075,16552073,Alisizationed,"2026-08-13 21:11:08",0.79682,10,alisizationed
1076,16581246,"Sajal Singhal","2026-08-15 10:59:57",0.79682,1,junsui3012
1077,16745683,"MD. BAYZID HASAN ","2026-08-20 03:46:25",0.79682,1,mdbayzidhasan
1078,16753154,1김석범,"2026-08-24 06:03:12",0.79682,3,tjrqja
1079,16718346,VCG,"2026-08-27 16:58:48",0.79682,1,"lchandan,vennela151218"
1080,16865350,"lea Ishimwe","2026-09-11 06:18:15",0.79682,8,leaishimwe
1081,16891233,"Kanditat Namsudta","2026-09-14 11:48:12",0.79682,1,kanditatnamsudta
1082,16885532,"Ibrahim Maman Moutari","2026-09-21 14:52:49",0.79682,1,ibrahimmamanmoutari
1083,16941235,"Mirseiit Arlan - 26MD0262","2026-09-22 14:03:13",0.79682,5,mirseiitarlan
1084,16647963,"as life","2026-08-03 07:13:49",0.79658,1,aslife
1085,16458879,"Mahdiyar Zabihi","2026-08-12 21:03:45",0.79658,5,mahizab
1086,16734666,i-za-world,"2026-08-24 11:19:31",0.79658,5,kizawa
1087,16752743,howolcat,"2026-08-21 10:18:41",0.79658,1,howolcat
1088,16717909,Larisa,"2026-08-22 17:12:50",0.79658,1,aggresiveunicorn
1089,16501018,"Roobhasridevi Periyasamy","2026-08-24 14:08:53",0.79658,1,roobhasridevi
1090,16755073,amitkumar8989,"2026-08-25 14:53:00",0.79658,1,amitkumar8989
1091,16925107,tangffy,"2026-09-19 11:59:52",0.79658,1,tangffy
1092,16613620,feng,"2026-07-30 07:07:13",0.79635,15,guofungwong
1093,16398523,"Rameson Seraphin","2026-08-15 19:16:42",0.79635,1,ramesonseraphin
1094,16738410,ドグラ星人,"2026-08-20 16:00:07",0.79635,7,shugokai
1095,16707918,"Adhya Razdan","2026-08-23 13:53:52",0.79635,1,adhyarazdan
1096,16762451,"Gaurav Yadav","2026-08-23 14:38:38",0.79635,1,ahirgaurav
1097,16807276,Msak0418,"2026-09-02 07:28:26",0.79635,2,msak0418
1098,16854251,Slug,"2026-09-10 09:21:25",0.79635,3,dusanpark
1099,16807540,yohaku999,"2026-09-13 00:32:53",0.79635,1,yohaku999
1100,16936100,"Arsen Zhexenbiyev - 26MD0361","2026-09-21 18:30:12",0.79635,3,arsenzhexenbiyev
1101,16611089,"Alpay Pasali","2026-08-01 18:52:51",0.79611,10,alpaypasali
1102,16631086,"Roman Santalov","2026-08-01 11:03:55",0.79611,4,romasanta
1103,16695801,"Василиса Волобуева","2026-08-11 12:46:03",0.79611,1,lisavol
1104,12499184,"Tys TANA","2026-08-19 05:59:43",0.79611,1,tystana
1105,16741245,大石正道,"2026-08-19 07:06:31",0.79611,3,oishimasa
1106,16747517,Mmt11b,"2026-08-20 09:28:57",0.79611,3,mmt11b
1107,16753355,DONGYOONLEE,"2026-08-24 05:04:01",0.79611,4,blackmoon345
1108,16784947,Arif_tech,"2026-08-29 19:08:58",0.79611,1,ariftech
1109,16799824,"Nikita Zubkov","2026-09-01 08:04:09",0.79611,2,nikitazubkov25
1110,16798058,SBibwan,"2026-09-05 07:22:01",0.79611,2,sbibwan
1111,16641491,"Ganesh S Sable","2026-08-07 05:31:03",0.79588,5,ganeshssable
1112,14573848,"Raja T","2026-08-18 06:17:44",0.79588,14,rajathiagaraj
1113,16707845,"Navneet Dhote","2026-08-16 20:06:06",0.79588,1,navneetdhote
1114,16743891,"SUMAIA AKTER 2233081495","2026-08-19 16:28:16",0.79588,1,sumaiaakter223
1115,16739712,"Mehedi Hasan Baized","2026-08-19 16:28:20",0.79588,1,mehedihasanbaized
1116,16743944,"NILOY HASAN NAHID","2026-08-19 16:48:37",0.79588,1,niloy1hasan
1117,16744635,"Sakib Rahat","2026-08-19 19:10:10",0.79588,1,sakibrahat
1118,16744535,"AHONAF REDOWAN HASIB ","2026-08-20 03:49:04",0.79588,1,ahonafredowanhasib
1119,16745811,"MASUD RANA 2233081534","2026-08-20 03:58:47",0.79588,1,masudrana2233081534
1120,16618445,TNDS1996,"2026-07-31 08:08:53",0.79565,8,tnds1996
1121,16631083,Allabux,"2026-07-31 13:12:24",0.79565,1,allabux
1122,16591470,"Bassel M","2026-08-02 21:06:10",0.79565,2,drbasselesq
1123,16670177,zwbao1996,"2026-08-09 06:28:35",0.79565,1,zwbao1996
1124,16768563,"Matheus Nasc Peixoto","2026-08-25 01:22:02",0.79565,1,matheusnascpeixoto
1125,16682770,"Abhishek R Sunil","2026-09-02 05:09:29",0.79565,1,"abhishekrsunil,afsaln,ambadims,aravindaravindan,arjunad"
1126,16853543,Grajales,"2026-09-08 09:56:19",0.79565,1,grajales
1127,16941373,"Timur Baltabayev - 26MD0359","2026-09-22 11:32:09",0.79565,2,timpuneen
1128,16947563,"Daiana Bayanova","2026-09-23 15:03:13",0.79565,1,daianabayanova
1129,16605603,raiwjriaf,"2026-07-31 10:21:43",0.79541,1,raiwjriaf
1130,16604538,TH3Hecker,"2026-08-03 18:22:11",0.79541,1,th3hecker
1131,16712053,"Shashvat Singham","2026-08-12 11:36:33",0.79541,1,shashvatsingham
1132,16698764,"Harshith Kumar Chitluri","2026-08-26 16:32:13",0.79541,10,harshithchitluri
1133,16741926,"Ariful Islam1589","2026-08-19 10:11:16",0.79541,1,arifulislam1589
1134,16756283,fullnameblabla,"2026-08-21 19:02:58",0.79541,3,fullnameblabla
1135,16764216,"Prakriti Bhandari","2026-08-24 03:19:06",0.79541,3,prakritibhandari19
1136,16765321,RayHuang,"2026-08-24 09:24:10",0.79541,1,rayhuang0124
1137,16780663,"Liesse Kaliza","2026-08-27 22:00:38",0.79541,1,liessekaliza
1138,16792245,"Minghao Xia","2026-08-30 07:13:03",0.79541,1,minghaoxia
1139,16796649,"Bensu Kocatepe","2026-08-31 14:56:23",0.79541,2,bensukocatepe
1140,16801607,"Keerthi Gujja","2026-09-01 14:29:50",0.79541,1,keerthigujja
1141,12020234,"Yoshitada Ikeda","2026-09-02 08:22:04",0.79541,1,yoshitadaikeda
1142,16877735,"Nadeem Sajjad","2026-09-11 22:24:14",0.79541,1,nadymsazad
1143,16922231,"Zesheng Chen","2026-09-20 20:58:24",0.79541,15,zeshengchen
1144,16941428,"Zhassulan Kainazarov - 26MD0363","2026-09-22 13:35:56",0.79541,4,zhkainazarov
1145,16942801,"Nursultan Amrin - 26MD0218","2026-09-23 06:54:09",0.79541,2,nursultanamrin
1146,16947062,"[Deleted] eab0c2fc-cf42-4f4b-8466-7863a08ba4a3","2026-09-23 13:50:05",0.79541,2,del=57e3ab6b0cfe12c7
1147,16947914,"Beibars Kurmanbayev 26MD0248","2026-09-23 14:46:58",0.79541,4,baryspatwa
1148,16544335,NikitosML12,"2026-07-30 21:32:16",0.79518,4,nikitosml12
1149,16367617,"Pierre Sutherland","2026-09-22 03:22:53",0.79518,12,pierresutherland
1150,16738265,"JUBAYER AHMED RATUL ","2026-08-18 13:10:13",0.79518,1,jubayerahmedratul
1151,16738494,"MST. TASNIM AMINA ","2026-08-18 14:05:49",0.79518,1,msttasnimamina
1152,16741250,takapon35,"2026-08-19 06:03:14",0.79518,1,takapon35
1153,16791434,"Naseera Faiza Shaik","2026-08-29 21:45:12",0.79518,1,naseerafaizashaik
1154,16331000,"Deqing Fu","2026-09-01 03:08:17",0.79518,2,deqingfugoogle
1155,16806660,Hello_Huihui_9a9a91,"2026-09-02 11:45:00",0.79518,1,hellohuihui9a9a91
1156,16947474,"Phan Huu Quang Truong","2026-09-23 12:29:38",0.79518,1,phanhuuquangtruong
1157,16940933,"Kuat Zharykbayev - 26MD0242","2026-09-23 13:37:34",0.79518,3,kzharykbayev26md0242
1158,16698310,Zerdfu,"2026-08-10 07:23:44",0.79494,2,zerdfu
1159,16839215,"umamaheswari gara","2026-09-05 09:22:55",0.79494,1,umamaheswarigara
1160,16828725,LuizVe,"2026-09-13 22:28:18",0.79494,1,luizve
1161,16887724,LeandroMgtr,"2026-09-14 02:14:55",0.79494,1,leandromgtr
1162,16894962,"K Roopika K Roopika","2026-09-15 07:07:04",0.79494,1,kroopikakroopika
1163,16934306,"Ari Yashu","2026-09-21 06:40:02",0.79494,1,ariyashu
1164,16942332,"Valeriya Li - 26MD0201","2026-09-22 17:25:22",0.79494,6,valeriyali
1165,16947403,"Yerzhigit Auyelbekov - 26MD0224","2026-09-23 13:11:35",0.79494,4,yauyelbekov
1166,16936766,"Dariya Mamayeva - 26MD0254","2026-09-23 14:28:49",0.79494,6,dmamayeva
1167,16947089,"Bexultan Zharmukhanbet - 26MD0241","2026-09-23 14:37:46",0.79494,2,bexultanz
1168,16359520,"Devansh Dhingra","2026-07-26 06:42:59",0.79471,2,aviator247
1169,16623188,"Icaro Vazquez","2026-08-01 00:34:53",0.79471,10,icarovazquez
1170,16618302,"Trâm Phan Võ Bảo","2026-08-02 17:02:46",0.79471,1,trmphanvbo
1171,16675682,shukuku,"2026-08-13 17:39:57",0.79471,4,shukuku
1172,16774877,"Vinay Sharma2007","2026-08-26 13:07:37",0.79471,1,vinaysharma2007
1173,16891237,"кирилл петров","2026-09-14 12:16:32",0.79471,5,kirillp07
1174,16912754,"Benoît Libeau","2026-09-18 11:25:59",0.79471,3,benotlibeau
1175,16659124,"Nicolas Kohout","2026-08-04 10:12:34",0.79448,1,nicolaskohout
1176,16692013,Dimitxi,"2026-08-08 16:46:35",0.79448,1,dimitxi
1177,16824005,"Juan Pique","2026-09-04 02:22:23",0.79448,1,juanpique
1178,16831896,"Barrantes Gómez ","2026-09-04 15:42:35",0.79448,1,barrantesgmez
1179,16822455,"Jeremy Andrei Ave","2026-09-09 16:26:51",0.79448,2,fuyu69
1180,16942465,"Aruzhan Matzhan","2026-09-22 15:47:04",0.79448,2,aruzhanmatzhan
1181,16614183,"DHIYA S URK25AI1140","2026-07-29 15:46:28",0.79424,1,dhiyasurk25ai1140
1182,10926324,@Dev.net,"2026-08-10 22:36:01",0.79424,1,devilbornfire
1183,16741484,氏家翔太,"2026-08-19 06:56:56",0.79424,2,rickman2000
1184,16941514,"Asset Kazhybek","2026-09-23 14:33:44",0.79424,4,assetkazhybek
1185,16681435,normanj400,"2026-08-07 05:21:43",0.79401,2,normanj400
1186,16717934,Kai44p,"2026-08-13 16:53:41",0.79401,1,kai44p
1187,16725047,"Hoso Badalyan","2026-08-15 12:28:24",0.79401,4,hosobadalyan
1188,16877833,madmathus,"2026-09-11 23:43:05",0.79401,2,madmathus
1189,16897858,"Vladyslav Lazutkin","2026-09-15 16:19:30",0.79401,5,vladyslavlazutkin
1190,16906849,"Rashid Khazeiynasab","2026-09-16 15:40:27",0.79401,1,rashidel1988
1191,16912861,"Joshua Pacheco","2026-09-17 08:38:03",0.79401,1,joshuapacheco
1192,16654354,Acacia21-code,"2026-08-03 22:42:27",0.79378,1,acacia21
1193,16743927,"Rui Hua Frey","2026-08-19 17:57:38",0.79378,2,ruihuafrey
1194,16772710,"Rodrigo Jesus Sarria Flores","2026-08-31 21:49:28",0.79378,1,rodrigosarriaflores
1195,16777711,"Pedro Oliveira #2","2026-09-01 01:19:56",0.79378,1,pedrohso7
1196,16904038,"Paola de la Rosa","2026-09-20 09:32:12",0.79378,1,paoladelarosamata
1197,16559774,PrashantSoni8,"2026-07-27 19:38:06",0.79354,1,prashantsoni8
1198,16608944,JsonJ__,"2026-07-28 10:22:19",0.79354,1,electrolysis
1199,16669544,seaweedbrain,"2026-08-05 19:16:41",0.79354,6,devbarik
1200,14035602,NguyenQuocPhu,"2026-08-13 07:06:51",0.79354,5,ngquocphu
1201,14072438,"Taylor S. Amarel","2026-08-23 22:15:37",0.79354,2,taylorsamarel
1202,16664624,ActingKoi,"2026-08-06 01:06:38",0.79331,1,actingkoi
1203,16767448,"Nuyu Ikirezi Amathia Florentine","2026-08-24 17:21:25",0.79331,1,nuyuikirezi
1204,16784318,"Alexander Sanchez G","2026-08-29 16:18:59",0.79331,1,alexandersanchezg
1205,16789730,Klenam,"2026-08-29 17:34:47",0.79331,1,klenam
1206,16792232,"Stephen Kraman","2026-08-30 07:19:29",0.79331,1,stephenkraman
1207,16796065," audrine","2026-08-31 11:00:35",0.79331,1,audrine
1208,16852716,"Ibrahim Talib","2026-09-08 06:52:23",0.79331,1,ibrahimtalib
1209,16872166,"Kevin Pino Arias","2026-09-15 15:46:24",0.79331,2,kevinpinoarias
1210,16623066,"Katie He","2026-07-31 22:17:47",0.79307,6,katieheee
1211,16667991,"[Deleted] 4ba86ec8-bbe4-4fce-8b4e-627f4558a0b9","2026-08-05 13:51:04",0.79307,1,del=1fddcf3ab9d51624
1212,16703144,"amirmohamad hamidpour","2026-08-12 18:46:44",0.79307,2,amirmohamadhamidpour
1213,16736287,"Shoxrux Sayliyev","2026-08-18 08:10:04",0.79307,1,shoxruxsayliyev
1214,16760559,"Adebayo Obademi","2026-08-23 01:35:35",0.79307,1,adebayoobademi
1215,16863012,"مرتضى مثنئ","2026-09-09 22:57:18",0.79307,1,mortadasaeed4664
1216,16844128,"Sumit Kanojiya11111","2026-09-11 09:16:48",0.79307,2,sumitkanojiya11111
1217,16906356,"Al Nahian","2026-09-16 16:40:42",0.79307,2,alnahian432
1218,16934835,qlhh3333,"2026-09-21 16:11:15",0.79307,3,qlhh3333
1219,16742514,"Sadia Jannah","2026-08-19 12:29:22",0.79284,2,sadiajannah
1220,16724871,Mythril23535,"2026-08-20 12:59:33",0.79284,1,mythril23535
1221,16846879,"Muhammad Toufiq","2026-09-07 11:00:01",0.79284,1,muhammadtoufiq
1222,16780821,"Keza uluat Kendra","2026-09-07 20:18:07",0.79284,1,kezauluatkendra
1223,16930404,"Altynay K. 26MD0364","2026-09-20 15:03:58",0.79284,8,goldeni
1224,16606000,"Stef Simington","2026-07-28 20:30:16",0.79261,7,stefsimington
1225,16675953,"Sama Yosri","2026-08-06 15:41:48",0.79261,1,samayosri
1226,16655752,"ben apple","2026-08-14 03:02:38",0.79261,3,benapple
1227,16893876,"Adulapuram Yashaswini","2026-09-15 02:10:22",0.79261,1,adulapuramyashaswini
1228,16896787,"Shruti Meshram","2026-09-15 14:40:25",0.79261,1,shrutimeshram29
1229,16916241,"Hansel Stevan Boike","2026-09-17 18:22:11",0.79261,1,hanselboike
1230,16946723,"Aibibi Nygymetolla - 26MD0267","2026-09-23 10:57:18",0.79261,2,aibibinygymetolla
1231,16948175,"Aibibi Nygymetolla - 26MD0267 #2","2026-09-23 15:02:32",0.79261,2,beibei9
1232,16689509,Razgibator3004,"2026-08-08 12:00:10",0.79237,2,razgibator3004
1233,16771626,"S.N. HUSSAIN","2026-08-30 17:29:01",0.79237,7,snhussain06
1234,16810138,"Bekama Regasa Negewo","2026-09-02 17:37:57",0.79237,2,bekamaregasanegewo
1235,16826278,memememo,"2026-09-07 05:27:14",0.79237,2,memememo
1236,16941949,"Armanzhan Ongarbay","2026-09-22 13:45:02",0.79237,2,armanzhanongarbay
1237,16943837,"Alan Marat - 26MD0611","2026-09-23 10:57:21",0.79237,2,alanmarat414
1238,16947750,"Nguyen Tuan","2026-09-23 14:04:31",0.79237,4,tunang012
1239,16947492,"Do Van Minh","2026-09-23 14:04:20",0.79237,9,dovanminh27
1240,16666687,kzkadc,"2026-08-05 10:23:13",0.79214,1,kzk5124
1241,16700987,msemyonov,"2026-08-10 12:33:39",0.79214,1,msemyonov
1242,16697749,udit.sharma4186,"2026-08-10 19:42:03",0.79214,3,uditsharma4186
1243,16732488,Leli8215,"2026-08-17 13:56:59",0.79214,1,leli8215
1244,16499004,BVM123,"2026-08-17 15:13:52",0.79214,1,bvm123
1245,16733624,"Aisy Maffaz","2026-08-18 17:12:23",0.79214,2,aisymaffaz
1246,16747334,adityaiitbhutsukuba,"2026-08-21 18:20:48",0.79214,2,adityaiitbhutsukuba
1247,16753083,KwonJihyeon,"2026-08-23 15:38:41",0.79214,10,jihyeon0820
1248,16753361,danil_oliver,"2026-08-23 18:46:12",0.79214,5,daniloliver
1249,16770813,"Yunlong He","2026-08-25 14:29:33",0.79214,3,yunlonghe
1250,16848759,MachineNeil,"2026-09-07 16:47:48",0.79214,2,machineneil
1251,16845619,"THIHA AUNG","2026-09-08 09:34:58",0.79214,1,thihaeung
1252,16857334,"Jader Duque Figueredo","2026-09-18 01:48:53",0.79214,1,jaderfigueredo
1253,16644876,"Thành Nguyễn","2026-08-03 02:25:04",0.79191,1,thnhnguyn147
1254,16456467,"Hemang Patel #2","2026-08-04 02:05:41",0.79191,1,kerinoras
1255,16678222,nineteenmg,"2026-08-06 19:48:04",0.79191,1,nineteenmg
1256,16749294,"Marije Kouyzer","2026-08-21 10:40:07",0.79191,4,marijekouyzer
1257,16762164,sonny02,"2026-08-23 12:56:53",0.79191,2,sonny0206
1258,16757773,"Olawolé Kant BIONI","2026-08-24 08:12:27",0.79191,4,olawolkantbioni
1259,16740457,BiggieChose,"2026-08-25 21:11:41",0.79191,3,biggiechose
1260,16941217,"Aida Nurlybekova - 26MD0212","2026-09-22 11:23:51",0.79191,6,aidanurlybekova
1261,16616811,"Felipe Louredo #2","2026-08-01 01:29:52",0.79167,3,felipelouredo
1262,16613431,"David #11","2026-08-01 15:45:23",0.79167,1,twisted3
1263,16685352,Mirco1,"2026-08-14 08:15:35",0.79167,8,mirco1
1264,16709033,vinims30,"2026-08-19 22:15:01",0.79167,1,vinims30
1265,16758336,somebodyoncetoldme33,"2026-09-01 11:10:24",0.79167,3,somebodyoncetoldme33
1266,16830975,Bestiven,"2026-09-04 13:37:48",0.79167,1,bestiven
1267,16617815,Vinay,"2026-09-09 08:13:39",0.79167,1,vinay509
1268,16791839,Uranos8685,"2026-09-10 14:38:32",0.79167,5,uranos8685
1269,16897448,"VIVEK REDDY GANTA","2026-09-15 14:12:29",0.79167,1,vivekreddyganta
1270,16904275,"Ammar Qasmi","2026-09-16 05:41:54",0.79167,1,ammarqasmi03
1271,16901751,codexy89,"2026-09-16 08:26:01",0.79167,3,codexy89
1272,16882933,"Mems GOD","2026-09-19 14:43:51",0.79167,1,memsgod
1273,16599206,"Jon Lasley","2026-07-27 13:11:51",0.79144,6,jonlasley
1274,16426398,Silent丶723,"2026-07-28 08:40:47",0.79144,1,silent723
1275,16685270,YakumoC,"2026-08-09 14:02:11",0.79144,1,yakumoc
1276,16798001,"Mayank #2","2026-08-31 21:47:08",0.79144,1,mackil
1277,16810482,"Vennela Badugu","2026-09-02 18:29:18",0.79144,1,vennelabadugu
1278,16937381,"Madina Amangeldi - 0354","2026-09-21 17:12:46",0.79144,2,madinaamangeldi0354
1279,16639974,"Arye Khadka","2026-08-05 06:14:37",0.79120,4,aryekhadka
1280,16737230,"Bilal Shaikh","2026-08-19 06:44:33",0.79120,1,shiakh123
1281,16740790,"Алексей Михеев","2026-08-20 04:51:42",0.79120,4,gendelbach
1282,16797966,"Vítor Vasconcelos ","2026-08-31 19:12:25",0.79120,1,vtorvasconcelos
1283,16850066,"MD. ROMAN DEWAN 2233081317","2026-09-07 19:26:18",0.79120,1,roman1815
1284,16865535,"Igihozo Gwiza Aline","2026-09-14 12:36:32",0.79120,5,igihozogwizaaline
1285,16934777,"Meirambek Turdymuratov - 26MD0617","2026-09-21 09:07:32",0.79120,3,meirambekturdymurat
1286,16935356,"Daulet Kismetollauly - 26MD0251","2026-09-21 21:11:38",0.79120,2,dauletkismetollauly
1287,16937755,"Bekzhan Nigmetulla 26MD0403","2026-09-22 12:11:46",0.79120,3,bnigmetulla
1288,16941474,"Alisher Arginbekov - 26MD0355","2026-09-22 13:06:25",0.79120,1,arginbekov
1289,16940982,"Nurzat Ayidyn - 26MD0192","2026-09-22 14:39:53",0.79120,2,nurzataidyn
1290,16946039,"Mikhail Zherebtsov - 26MD0198","2026-09-23 11:26:42",0.79120,1,mikhailz26md0198
1291,16947911,"Sanzhar Ashirbekov - 26MD0220","2026-09-23 14:59:59",0.79120,1,ashirbekovsanzhar
1292,16608537,"Django Jie Max","2026-07-28 08:07:16",0.79097,1,djangojiemax
1293,16599502,"Omar Ayman","2026-07-29 19:01:09",0.79097,1,omarghost2005
1294,16614964,meukaaa,"2026-07-30 19:15:45",0.79097,1,meukaaa
1295,16702536,"Soda Gkoo","2026-08-10 18:50:09",0.79097,1,sodagkoo
1296,16912912,"Alisher Sagynbayev 26MD0371","2026-09-22 12:23:10",0.79097,7,ailshersagynbayev
1297,16941388,"Aidana Koshkinbayeva 26MD0635","2026-09-22 14:17:01",0.79097,2,aidanakoshkinbayeva
1298,16936399,"Shugyla Tazhikul - 26MD0615","2026-09-22 14:15:54",0.79097,2,shugyla0tazhikul
1299,16947361,"Akmaral Ayazbay - 26MD0221","2026-09-23 13:05:52",0.79097,3,lwnl00
1300,16634737,Nunezca,"2026-08-05 02:12:43",0.79074,1,nunezca
1301,16680917,Louis788,"2026-08-07 03:35:18",0.79074,3,louis788
1302,16689532,"Елизавета ","2026-08-09 06:34:15",0.79074,3,elizaveta26
1303,16754123,kimdohg,"2026-08-23 05:35:01",0.79074,1,kimdohg
1304,16772703,"Elina Plasencia","2026-08-28 00:01:46",0.79074,1,elinaplasencia
1305,16944233,Diegoroam,"2026-09-23 00:41:19",0.79074,1,diegoroam
1306,16742804,"DIPTA BARMAN UU","2026-09-06 21:40:09",0.79050,2,diptabarmanuu
1307,16844236,"Reshma Menon R","2026-09-06 19:41:17",0.79050,2,reshmamenonr
1308,16863067,"ahmad mersaghian","2026-09-09 22:31:45",0.79050,1,ahmadmersaghian
1309,16748769,"Pawarit Ananthanarat","2026-09-17 13:13:51",0.79050,13,pawaritananthanarat
1310,16929920,"Guldana Kassymbayeva","2026-09-20 15:43:04",0.79050,2,guldanakassymbayeva
1311,16937211,"Nuraidyn 26MD0280","2026-09-21 16:34:43",0.79050,2,nuraidyn
1312,16937108,"Miras Shaltayev - 26MD0378","2026-09-21 17:59:56",0.79050,3,mshaltayev26md0378
1313,16938624,"Aruzhan Nurlanova - 26MD0263","2026-09-22 01:25:42",0.79050,3,aruzhannurlanova
1314,16937103,"Sanzhar Shyngysuly","2026-09-22 03:14:30",0.79050,2,sshyngysuly
1315,16936934,"Bahytbergen Tuganbay","2026-09-22 11:12:32",0.79050,2,bahytbergentuganbay
1316,16941991,"Azamat Ayapbergenov - 26MD0356","2026-09-22 13:47:27",0.79050,2,azamat26md0356
1317,16942178,"Almas Orazgaliyev - 26MD0204","2026-09-22 15:47:14",0.79050,3,almasorazgaliyev
1318,16944026,Tracker315,"2026-09-22 22:37:08",0.79050,1,tracker315
1319,16945161,"Beremkulov Alan","2026-09-23 06:03:23",0.79050,4,beremkulovalan
1320,16921682,AsylzhanKerimbay26MD0594,"2026-09-23 06:44:40",0.79050,2,asylzhankerimbay26
1321,16942885,"Zhanbek Kabiyev - 26MD0199","2026-09-23 08:38:48",0.79050,1,zkabiyev
1322,16947162,"Gabdylgaziz Zhagypar","2026-09-23 12:15:07",0.79050,2,gabdylgazizzhagypar
1323,16947529,"Anuza Akturina - MD0217","2026-09-23 13:14:19",0.79050,2,anuzaakturinamd0217
1324,16946361,"Danial Mukash - 26MD0258","2026-09-23 13:31:42",0.79050,4,danialmukash26md0258
1325,16664039,"Satoshi Hirayama","2026-08-12 06:40:51",0.79027,2,satoshihirayama1019
1326,16932361,"Ankur Agarwal","2026-09-20 21:20:56",0.79027,1,ankur98
1327,15927737,korablev.da,"2026-08-08 11:32:44",0.79003,2,korablevda
1328,16710197,"Wu QianYi","2026-08-12 09:33:06",0.79003,3,kuruku
1329,16782339,"Cesar Bedoya Castaneda","2026-08-28 02:48:49",0.79003,1,cesarbedoyacastaneda
1330,16905166,"Borun Li","2026-09-16 08:21:47",0.79003,1,borunlibr
1331,16913349,"Hemalatha Yajjuvarapu","2026-09-17 08:58:02",0.79003,1,hemalathayajjuvarapu
1332,16942100,"Olzhas Akimbay - 26MD0401","2026-09-22 15:01:37",0.79003,3,olzhasakimbay0401
1333,16942019,"Tanirbergen Abdrashit - 26MD0213","2026-09-22 17:26:01",0.79003,1,tanirbergen26md0213
1334,16943446,"Ali Baran Çakmak","2026-09-23 07:16:26",0.79003,2,alibaranakmak
1335,16648142,wtryab,"2026-08-09 13:16:49",0.78980,1,wtryab
1336,16707596,"Satyarth Kumar Jha","2026-08-14 06:30:36",0.78980,1,satyarthkumarjha
1337,16759064,ryoptakahashi,"2026-08-23 13:24:45",0.78980,1,ryoptakahashi
1338,16797394,"M Jagannadha Varma","2026-08-31 16:14:15",0.78980,1,pardhumandhapati
1339,16860054,"Yadi F","2026-09-20 13:02:36",0.78980,1,yadif051226
1340,15332255,MSU-BIT,"2026-09-21 08:14:12",0.78980,1,leowenli
1341,16940354,"Artur Teleubayev - 26MD0287","2026-09-22 09:08:32",0.78980,2,teleubayevartur
1342,16946852,"Денис Ким","2026-09-23 12:00:18",0.78980,3,deniskdo
1343,16948022,"Dias Yerlan - 22MD0236","2026-09-23 14:57:16",0.78980,1,d1asyerlan
1344,16922924,"diego falcon","2026-09-19 01:51:27",0.78957,1,diegofalcon
1345,16939958,"Yernar Kusseibek - 26MD0249","2026-09-22 10:17:00",0.78957,3,yernarkusseibek
1346,16706180,"MOHAMMED THANVEER A","2026-08-11 07:21:27",0.78933,1,mohammedthanveera
1347,16710721,"Kunal Kewat","2026-08-14 12:22:17",0.78933,3,kunalkewat
1348,16854030,"jean wilfried kondombo","2026-09-10 09:29:23",0.78933,5,jeanwilfriedkondombo
1349,16404025,"Haneen A","2026-08-29 11:45:10",0.78910,2,haneenabuhamra
1350,16661780,"Hafsa Hussainn ","2026-08-04 16:04:38",0.78910,1,hafsahussainn
1351,16677238,"Tong Qiu","2026-08-08 16:34:51",0.78910,1,textot
1352,15313754,D.AlyReza,"2026-08-16 12:29:47",0.78910,1,dalyreza
1353,16774858,synthcode,"2026-08-26 11:33:24",0.78887,1,gotoku
1354,16780832,"Ntuyenabo Uwayezu","2026-09-01 10:43:52",0.78887,2,ntuyenabouwayezu
1355,16940602,"Gulina Alikhan-26MD0602","2026-09-22 13:44:44",0.78887,3,gulinaalikhan0602
1356,16716044,"Büşra Altınay","2026-08-13 07:16:17",0.78863,1,busraaltnay
1357,16639464,"yoshii gen","2026-08-14 01:23:07",0.78863,6,yoshii25gen
1358,16842107,"Matthew Batacan","2026-09-06 05:24:44",0.78863,3,mcbatacan
1359,16868038,deprecated01,"2026-09-12 10:18:07",0.78863,1,deprecated01
1360,16879403,"Александр Наследов","2026-09-13 18:48:45",0.78863,7,aleksandrnasledov
1361,16601646,crlnjchn,"2026-07-26 16:13:43",0.78840,1,jochenmueck
1362,16710227,r318725512,"2026-08-12 05:15:52",0.78840,1,r318725512
1363,16943535,"Rafia Burdi Baloch","2026-09-22 19:49:48",0.78840,1,rafiaburdibaloch
1364,16704723,"mckenshel cameau","2026-08-11 13:31:26",0.78816,1,mckenshelcameau
1365,16710189,"WU QUN JIA","2026-08-12 06:58:32",0.78816,3,wuqunjia
1366,16907205,"Saqr Ameen","2026-09-16 15:14:10",0.78816,1,saqrameen
1367,16684588,"Sahil Nain2004","2026-08-07 12:46:00",0.78793,3,sahilnain2004
1368,16697012,sunny_kumar,"2026-08-12 05:01:19",0.78793,4,sunnyumar
1369,16745725,"SUMIT ACHERJO","2026-08-20 03:52:57",0.78793,1,sumitacherjo
1370,16701405,Kishank8,"2026-08-23 06:44:06",0.78793,1,kishank8
1371,16799951,_Nana_belle,"2026-09-01 07:40:32",0.78793,1,nanabelle
1372,16913600,"Daniil Verkhovskyi","2026-09-18 09:41:50",0.78793,3,daniilverkhovskyi
1373,16941228,user0676,"2026-09-22 11:37:02",0.78793,3,user0676
1374,16611595,bapi_li,"2026-07-30 06:22:25",0.78770,11,libapi
1375,16667160,"Neel Thote","2026-08-05 15:50:55",0.78746,1,neelthote
1376,11448034,"Ryan Chung #2","2026-08-12 05:31:45",0.78746,2,ryan403
1377,16710184,AcuBens,"2026-08-12 06:26:29",0.78746,2,acubens
1378,16710190,"Huang Chiech Ting","2026-08-12 06:29:52",0.78746,1,huangchiechting
1379,16710203,hank,"2026-08-12 06:30:27",0.78746,2,hank30311
1380,16710209,jordan1024,"2026-08-12 06:31:12",0.78746,1,jordan1024
1381,16710204,ku.c.ping,"2026-08-12 06:31:14",0.78746,1,kucpinggmailcom
1382,16710468,Che,"2026-08-12 06:31:25",0.78746,1,corneliusyu
1383,16710179,Mick-Yang286,"2026-08-12 07:01:53",0.78746,2,mickyang286
1384,16710207,gem000098,"2026-08-12 06:39:01",0.78746,1,gem000098
1385,16710216,candswet61,"2026-08-12 06:43:51",0.78746,1,candswet61
1386,16710191,danielle79132,"2026-08-12 06:46:27",0.78746,1,danielle79132
1387,16710196,極地學者,"2026-08-12 07:01:57",0.78746,1,lite42001
1388,16710232,林柏丞(夜丞),"2026-08-12 07:35:09",0.78746,1,zxc19779190
1389,16780804,"Anastasie Tsenge","2026-09-01 09:31:48",0.78746,1,anastasietsenge
1390,16856087,Vulpix999,"2026-09-08 19:19:29",0.78746,1,vulpix999
1391,15729185,Donald1111,"2026-08-04 09:29:35",0.78723,1,donaldxia
1392,16686132,Mihika<3>,"2026-08-08 16:40:44",0.78723,1,mihika3
1393,14970994,"Ritik Simaiya 03","2026-08-16 06:22:44",0.78723,1,ritiksimaiya03
1394,16848610,"mugabo bonheur","2026-09-07 14:46:05",0.78723,1,mugabobonheur
1395,16888117,"محي الدين العنسي","2026-09-15 18:47:00",0.78723,11,mohyaldeen77
1396,16654642,"Justin Duross","2026-08-03 19:26:58",0.78700,1,justinduross
1397,16690832,"محمد الصمدي","2026-08-08 12:05:47",0.78700,1,mohammed690
1398,16715682,ZhaoSX,"2026-08-14 13:13:57",0.78700,1,zsx0802
1399,16760777,"song hyo guen","2026-08-23 04:02:21",0.78700,2,songhyoguen
1400,16767277,루우(누젤리),"2026-08-24 16:31:13",0.78700,1,muru1031
1401,16790525,"shema victoire","2026-08-29 15:11:55",0.78700,1,shemavictoire
1402,16793524,"Mads Chr.","2026-08-31 07:46:08",0.78700,9,helicoid
1403,16799917,"renuka vasamsetti","2026-09-01 07:01:57",0.78700,1,vasamsettirenuka
1404,16680960,"Aditya Singh Panwar","2026-09-06 13:50:48",0.78700,1,aditya24r4
1405,16665195,"umesh chandra300689","2026-08-05 07:38:00",0.78676,1,umeshchandra300689
1406,16698080,"Fazlodeen Mohammadi","2026-08-11 12:33:16",0.78676,1,fazlodeenmohammadi
1407,16710215,"Chiang Cheng You","2026-08-12 06:30:04",0.78676,1,chiangeric
1408,16508960,"Kant BIONI","2026-08-22 22:05:59",0.78676,2,kantbioni
1409,16760196,"Yassin abdallah","2026-08-22 22:06:36",0.78676,1,yassinabdallah
1410,16761084,"Adisha Farooq","2026-08-23 06:35:03",0.78676,1,adishafarooq
1411,15608947,NehaVishwakarma,"2026-08-30 15:46:12",0.78676,1,nehavishwakarma5
1412,16793395,"Maria Victória Fernandes Vaz","2026-08-31 00:25:57",0.78676,1,mariavictoriafervaz
1413,16824049,"Estevao Smith","2026-09-04 02:02:25",0.78676,1,estevaosmith
1414,16689518,llllsssss,"2026-08-08 09:44:50",0.78653,10,llllsssss
1415,16752686,CTH717,"2026-08-21 08:23:27",0.78653,2,cth717
1416,16784017,Cookie9,"2026-08-28 13:03:27",0.78653,1,cookie9
1417,16551889,Failure.,"2026-07-25 16:13:28",0.78629,1,bakerbenezzine
1418,16853983,"Tanush Abhinav Shah","2026-09-10 13:52:06",0.78629,1,shahtanush6
1419,16886282,"testu 8001","2026-09-14 08:54:42",0.78629,2,testu8001
1420,16727226,Makarov,"2026-08-16 12:46:53",0.78606,1,ded04ek
1421,16744642,MHSiam45,"2026-08-19 20:04:43",0.78606,1,mhsiam45
1422,16747361,"Vipsa Patel","2026-08-20 10:45:58",0.78606,1,vipsapatel
1423,16783593,"Saiyu Wang","2026-08-28 10:05:42",0.78606,2,saiyuwang
1424,16892489,ArpitaKudi,"2026-09-14 17:36:38",0.78606,1,arpitakudi
1425,16490304,"Marcel Hountokinde","2026-08-22 21:52:39",0.78583,1,marcelhountokinde
1426,16908025,"Meghana Naidu Pothala","2026-09-16 18:08:12",0.78583,1,meghananaidupothala
1427,16742875,"Tabassum Huda Nishat","2026-08-19 12:19:53",0.78559,1,tabassumhudanishat
1428,16748057,"ISRAT JAHAN TONNI","2026-08-20 10:47:10",0.78559,1,isratjahantonni359uu
1429,16767497,"Bhagyalakshmi Nalluri","2026-08-25 08:43:05",0.78559,1,bhagyalakshminalluri
1430,16810224,"Thomas Murphy","2026-09-06 10:23:45",0.78559,2,twmurphy
1431,16618710,"Feliks Bekeshov","2026-07-30 11:54:46",0.78536,1,feliksbekeshov
1432,16761328,meguru010,"2026-08-23 08:42:15",0.78536,3,meguru010
1433,16945812,"Tasnimul Ferdous","2026-09-23 07:17:19",0.78536,1,tasnimul2008
1434,16728372,"Megan Parkes","2026-08-16 12:37:05",0.78512,10,majicmoo
1435,16854236,lznlznlznlznlzn,"2026-09-08 12:35:01",0.78512,2,billfyou
1436,16603100,Kaishin22,"2026-07-29 14:34:48",0.78442,3,kaishin22
1437,16858047,"Siddharth Luchmiah","2026-09-09 05:01:08",0.78442,1,siddharthluchmiah
1438,16777702,"Tung Vu Phuong","2026-08-27 11:06:59",0.78419,2,tungvuphuong
1439,16618979,"zhang ruiqi","2026-07-31 09:32:47",0.78396,1,sigarica
1440,13868168,txtLee,"2026-08-21 02:36:31",0.78396,1,txtlee
1441,16580481,"Antonello Izzo","2026-07-28 08:04:57",0.78372,2,antonelloizzo
1442,16690856,"Михаил Пуптов","2026-08-08 12:16:29",0.78372,2,mishaaaaa665738u9
1443,16824788,xiaoBOSS97,"2026-09-04 03:29:37",0.78372,1,xiaoboss97
1444,16850335,"Mohammad Nadeem Alam","2026-09-09 19:56:11",0.78372,1,mohammadnadeem2011
1445,16938933,"Osvaldo Alonso","2026-09-22 02:18:09",0.78372,1,osvaldoalonso
1446,16617692,"Binati Ojha","2026-07-30 08:06:09",0.78349,1,binatiojha
1447,16744675,dan11kor,"2026-08-20 19:40:51",0.78349,1,dan11kor
1448,16605372,"Mạnh Hùng Đoàn","2026-07-27 11:29:55",0.78325,1,mnhhngon
1449,16573250,wwerawsd,"2026-08-01 14:19:08",0.78325,4,wwerawsd
1450,16644522,"Разрушитель Плотин","2026-08-04 20:50:48",0.78325,1,razrushitel
1451,16756917,"Salah De","2026-08-23 01:59:20",0.78325,1,salahde
1452,16744354,LamaSuMoh,"2026-09-07 10:43:04",0.78325,1,lamasumoh
1453,16922657,"E P H E M E R I S","2026-09-21 21:39:19",0.78325,7,ephmeris
1454,16939109,"José Adrián Ochoa Sánchez","2026-09-22 04:12:11",0.78325,1,josadrinochoasnchez
1455,16842105,"Đoàn Nguyễn An Chi","2026-09-10 12:35:02",0.78302,1,doannguyenanchi
1456,16931614,AnaCBallesterosH,"2026-09-22 21:37:37",0.78302,4,anacballesterosh
1457,16777648,Nithissh7,"2026-09-02 15:18:59",0.78279,1,nithissh7
1458,16830767,"pranay reddy","2026-09-05 05:39:40",0.78279,1,pranay321
1459,16798426,"Prashant Iyer","2026-08-31 23:55:22",0.78255,1,prashantiyer03
1460,16612600,"Aidar Altynbek","2026-07-29 10:53:12",0.78232,1,aidaraltynbek
1461,16757196,Tototttt,"2026-08-22 15:24:56",0.78232,2,tototttt
1462,16796152,"BISMA AKBAR","2026-09-01 14:54:35",0.78209,1,bismaakbar939
1463,16893069,"Lucas Foreman","2026-09-17 17:40:15",0.78209,2,lucasforeman
1464,16690813,HikaruTU,"2026-08-08 13:42:56",0.78185,1,hikarutu
1465,16725837,"Aw Tha Da","2026-08-15 17:02:31",0.78185,2,awthada
1466,16841627,yesthisisdjango,"2026-09-06 09:34:08",0.78162,5,yesthisisdjango
1467,16941118,"Miras Kazhymurat - 26MD0250","2026-09-22 13:59:44",0.78138,2,miraskazhymurat0250
1468,16684047,"Egor #2","2026-08-07 15:10:12",0.78115,2,egor0306
1469,16780682,"UWASE Lisa Ornella","2026-08-27 17:24:24",0.78115,1,uwaselisaornella
1470,16933411,"Agustin Orozc","2026-09-22 20:23:33",0.78068,2,agustinorozc
1471,14349015,"Vadim Sulimov","2026-08-05 08:24:16",0.78045,4,vadsul
1472,16944072,"Sandino Flores","2026-09-22 22:54:16",0.78045,1,sandinoflores
1473,16576258,"Amlaan Jyoti Das","2026-07-28 19:15:17",0.77975,1,amlaanjyotidas
1474,16804497,"Trườnggg Nguyễn","2026-09-01 18:04:39",0.77975,2,trngggnguyn
1475,16626733,"H4NDS0M3 1V4N","2026-08-01 08:15:23",0.77951,1,h4nds0m31v4n
1476,16868385,"Jam Laga Hai","2026-09-10 18:35:58",0.77951,1,jamlagahai
1477,16742928,ibrohim_khudoyberdi,"2026-09-02 09:57:15",0.77858,9,ibrohimkhudoyberdi
1478,16946009,LiZhen,"2026-09-23 10:13:55",0.77858,1,zhendea
1479,16609438,"Moritz Limmer","2026-08-01 18:23:53",0.77764,1,moritzlimmer
1480,16907366,HansCS,"2026-09-18 18:35:58",0.77694,1,hanscs
1481,9965156,MoltenLava,"2026-09-04 15:30:10",0.77624,3,moltenlava
1482,16939691,"Tulegen Didar","2026-09-22 13:30:00",0.77624,2,tulegendidar
1483,16608473,Aftermovie周,"2026-07-29 03:27:36",0.77554,1,aftermovie
1484,16541356,"Hiram Despain","2026-08-06 02:53:26",0.77554,2,hiramdespain
1485,16847257,derivatives2006zyk,"2026-09-07 10:39:04",0.77554,1,derivatives2006zyk
1486,16933080,"Alberto Javier Pelayo Brambila","2026-09-21 02:39:01",0.77554,1,albertopelayo
1487,16931888,Prateek_Lohiya07,"2026-09-20 18:38:21",0.77507,1,prateeklohiya07
1488,16594862,Sushanth@1213791529,"2026-07-25 19:33:53",0.77460,1,sushanth1213791529
1489,16606667,"Arda Mert Dedeoglu","2026-07-30 06:52:52",0.77414,1,ardamertdedeoglu
1490,16597649,"Gourang kardam","2026-07-27 17:40:48",0.77367,1,gourangkardam
1491,16652936,"Saad M Khan","2026-08-03 15:20:56",0.77367,1,saadkhanxdcatalyst
1492,16780702,"Florence UWASE","2026-08-27 20:26:43",0.77343,1,florenceuwase
1493,16592898,无愧于百世,"2026-09-03 10:23:18",0.77320,4,wukuiyubaishi
1494,16712153,droid.druid,"2026-09-21 13:35:21",0.77273,7,droiddruid
1495,16772426,Nickel96,"2026-08-27 02:07:42",0.77156,1,nickel96
1496,16909972,"Jaime Pérez","2026-09-20 19:16:08",0.77039,5,jaimepsantos
1497,14549087,"Abdulrahman mahmoud","2026-08-31 17:35:32",0.76969,2,abdulrahmanmahmoud
1498,16924530,"mina sameh 77","2026-09-19 10:27:10",0.76782,1,minasameh77
1499,16605630,esc987,"2026-07-27 17:35:02",0.76595,1,esc987
1500,16911060,"TAKUYA CHAGAWA","2026-09-17 07:30:44",0.76385,1,takuyachagawa
1501,16719702,VaibhaVGoeL2511,"2026-08-17 09:38:26",0.76361,1,vaibhavgoel2511
1502,15154636,"psevdo nimmmm","2026-08-30 18:58:22",0.76151,1,psevdonimmmm
1503,13785056,"Andrew Martinson01","2026-09-01 00:49:01",0.76104,1,andrewmartinson01
1504,16774955,DeltaNine,"2026-09-04 11:07:17",0.76081,1,deltanine
1505,16652701,xccds,"2026-08-04 11:44:05",0.76034,10,xccds1977
1506,11446680,"Bogdan Beca","2026-08-14 08:06:01",0.76034,18,bogdanbeca
1507,16796393,"Annapureddy srilakshmi","2026-08-31 11:28:44",0.75941,1,srilakshmi2500030664
1508,16607997,mehanalavimajd,"2026-07-28 17:12:08",0.75917,1,mehanalavimajd
1509,16612408,"Partha Biswas040","2026-07-29 17:08:22",0.75917,1,parthabiswas040
1510,16696174,"Lai Jiang","2026-08-09 14:02:20",0.75800,4,ryouuuuuuu
1511,16659911,viviansun2026,"2026-08-04 12:33:00",0.75777,3,yuanyuanhuang2026
1512,16780154,"Mia Mikasa","2026-08-29 09:10:39",0.75707,2,miamikasa
1513,16752795,citizen_A,"2026-08-21 08:37:11",0.75566,1,romancitizena
1514,16817590,caoweichu,"2026-09-11 13:31:10",0.75566,1,caoweichu
1515,16735549,egg1le,"2026-08-18 05:53:29",0.75543,2,egg1le
1516,16780656,"Emma Lise ","2026-08-27 17:31:26",0.75543,1,emmalise
1517,16775387,sonseongmin,"2026-09-05 11:20:47",0.75543,1,sonseongmin
1518,16760067,Amora26,"2026-09-22 19:22:27",0.75543,5,amora26
1519,16620121,"Phakin Chawanpunya","2026-07-30 15:10:45",0.75496,1,phakinchawanpunya
1520,16659916,xiaoyongli2026,"2026-08-04 12:41:22",0.75496,3,xiaoyongli2026
1521,15874503,"Victor Ohiwerei","2026-09-10 15:06:06",0.75426,1,victorohiwerei
1522,16771701,"Team VK","2026-08-26 07:11:34",0.75403,3,"kashishchalikwar2146,vidishajain2406"
1523,16831505,alextorresgiron,"2026-09-04 18:56:26",0.75286,1,alextorresgiron
1524,16717719,KayamiAki,"2026-08-18 15:45:04",0.75263,1,kayamiaki
1525,16676153,Orochimaru,"2026-08-09 17:52:23",0.75216,1,ishan8061
1526,16738597,"Trần Minh Trung","2026-08-19 07:49:49",0.75216,1,minhtrung11
1527,16744724,"Marjuka Ripa","2026-08-19 21:21:26",0.75169,1,marjukaripa
1528,16764927,Shadow_Blitzz,"2026-08-27 07:32:04",0.75146,1,shadowblitzz
1529,16795694,asdoxs,"2026-08-31 09:41:00",0.75146,2,asdoxs
1530,16761926,Eyebrow,"2026-09-11 06:55:38",0.75146,1,douzong
1531,16752573,"Jaden Lee","2026-08-23 16:40:10",0.75099,3,jadenlee9779
1532,16780526,"Cynthia Umutoniwase","2026-08-27 18:06:05",0.75099,2,cynthiaumutoniwase
1533,16698336,"Carlos #3","2026-08-10 02:07:21",0.75075,1,pentacode
1534,16743243,"SHIMUL KHAN ANTOR 2233081584","2026-08-19 13:49:50",0.75075,1,shimul223308
1535,16745731,"RATON JOYDHAR 2233081323","2026-08-20 04:03:17",0.75075,1,rjratron
1536,16745837,"EMON AHMED NOYON 2233081574","2026-08-20 04:06:46",0.75075,1,emonahmed2233081574
1537,16745861,AS-SHAKIB,"2026-08-20 04:10:56",0.75075,1,asshakib
1538,16745880,"SHUVO ROY 2233081376","2026-08-20 04:23:55",0.75075,1,shuvoroy2233081376
1539,16754570,아모르파띠,"2026-08-23 03:09:11",0.75075,11,jangsehungg
1540,16752666,jihooo1,"2026-08-23 14:38:56",0.75075,4,jihooo1
1541,13744741,cyberpunk-legend,"2026-08-25 12:42:03",0.75075,1,cyberpunklegend
1542,16865638,"Gathei Njoroge","2026-09-10 14:38:48",0.75075,1,gatheinjoroge
1543,16868331,"iradukunda annet","2026-09-13 22:41:06",0.75075,2,iradukundaannet
1544,16925047,"Tushar #2","2026-09-19 13:14:57",0.75075,2,tusharshah21
1545,16945154,shreedhargore74,"2026-09-23 05:42:40",0.75075,1,shreedhargore74
1546,16847010,"Ishita dhariwal","2026-09-07 09:44:12",0.75052,2,ishitadhariwal
1547,16796669,"Sugira Isimbi Nicole","2026-08-31 13:42:53",0.75005,1,sugiraisimbinicole
1548,16887896,"Bence Szemerédi","2026-09-13 20:21:26",0.75005,3,benceszemerdi
1549,16915505,"Kuripudi Manikanta","2026-09-17 14:44:11",0.74982,1,kuripudimanikanta
1550,16753175,hxxdxm,"2026-08-23 15:33:08",0.74959,1,hxxdxm
1551,16653766,VasuoGM,"2026-08-05 15:31:27",0.74888,2,vasuogm
1552,16863458,Zzhiqp,"2026-09-11 14:30:46",0.74865,1,zzhiqp
1553,15106675,"Avik Das","2026-09-23 11:32:35",0.74842,10,avikdas567
1554,16853915,"Benjy Wenjy","2026-09-08 12:57:28",0.74725,1,benjywenjy
1555,16652865,"mohammed alshokry","2026-08-03 14:52:52",0.74608,1,mohammedalshokry
1556,16799265,CatLikesToRead,"2026-09-01 13:08:12",0.74538,2,catlikestoread
1557,16843230,"Adame Touraine","2026-09-06 15:27:51",0.74491,1,adametouraine
1558,16752585,kimdoeun,"2026-08-24 06:33:44",0.74444,8,dodori02
1559,16920168,"Pablo Camacho","2026-09-19 09:48:11",0.74374,1,pablocamacho401
1560,16752531,soulpow,"2026-08-21 08:41:44",0.74234,7,soulpow
1561,16392817,"Chakrabhuana V  Deva","2026-08-09 08:05:40",0.74210,3,chakrabhuanavdeva
1562,16781019,"Berkin Özcan","2026-08-28 13:17:26",0.73649,1,berkinzcan
1563,16890783,"Álvaro Dueñas González","2026-09-15 10:47:01",0.73486,3,varo610
1564,16746393,"Ishir Singhal","2026-08-23 17:11:01",0.73415,1,ishirsinghal
1565,16795825,yuichi10,"2026-08-31 08:56:51",0.73228,2,yuichi10
1566,16813354,bunharu,"2026-09-08 11:37:28",0.73228,4,bunharu
1567,16782589,zinong,"2026-08-28 07:06:55",0.73182,1,zinong
1568,16926253,"Aditya Sharma #8","2026-09-19 17:23:41",0.73135,2,adityasharma711
1569,16697256,"amit poonia","2026-08-09 18:33:28",0.72995,1,amitpoonia10
1570,16915969,"Mohit Yadav","2026-09-21 10:53:13",0.72831,1,mohityd2007
1571,16548809,加藤了大,"2026-07-30 03:36:49",0.72620,2,kaasryou
1572,16551701,"Sankalp Nagineni","2026-08-02 15:20:57",0.72597,1,sankalpnagineni
1573,16598851,"Rohit Kumar #4","2026-07-25 19:48:07",0.72574,1,devrohitkumar
1574,16633070,"Shamil Arslanov (homomorfism)","2026-07-31 18:44:28",0.72550,1,hashshes
1575,16720061,Kagglefel_20,"2026-08-18 11:52:25",0.72550,1,kagglefel20
1576,16541015,Amjedalabsy,"2026-09-14 12:34:53",0.72550,2,amjedalabsy
1577,16908353,Febriyansyah,"2026-09-16 23:33:09",0.72550,1,febriyansyahresearch
1578,16921673,"Yuichi Yoshino","2026-09-20 10:13:30",0.72527,1,yuichiyoshino
1579,16932623,"Fakhri Ismail Andika","2026-09-21 00:42:33",0.72410,2,fakhriismailandika
1580,16940782,"Alisher Toxanbayev - 26MD0376","2026-09-22 15:02:40",0.72387,4,atoxanbayev
1581,16937025,"Muzanbekova Kamila - 26MD0368","2026-09-22 10:32:44",0.71942,2,muzanbekovakamila
1582,16689621,"Артем Артемьев","2026-08-10 11:24:22",0.71662,1,artemartemev123321
1583,16863620,Micchy,"2026-09-23 06:20:19",0.71405,9,kijio0906
1584,16747239,antraticBear,"2026-08-24 12:01:04",0.71381,1,antraticbear
1585,16780658,"Benie kelia","2026-08-27 17:51:57",0.71264,1,beniekelia
1586,16726737,DavitPoghosyan2007,"2026-08-15 23:38:58",0.71241,1,davitpoghosyan2007
1587,16724617,"Piyusha Dhende","2026-08-15 08:29:34",0.71054,1,piyushadhende
1588,16770183,"PUSKAR _JAISWAL_723","2026-08-25 10:59:00",0.71031,2,puskarjaiswal723
1589,16906744,"Okky Sudibyo","2026-09-18 16:55:27",0.70680,2,okkysr
1590,16739901,"DARUL ISLAM 2233081316","2026-09-07 06:28:55",0.70166,1,darulislam2233081316
1591,16698662,SASSSSYYYY,"2026-08-12 09:34:44",0.69885,2,"chloeho8921,sonreysiaooi"
1592,16744302,"Russell Hassan","2026-08-19 18:10:40",0.69581,1,russellhassan563
1593,16668245,"Максим Конаков","2026-08-05 15:52:59",0.68459,2,biostev
1594,16094947,Arhemzaad,"2026-08-20 14:17:54",0.67056,5,arhemzaad
1595,16611302,"Dona AHOUANSOU","2026-07-28 22:01:48",0.63689,1,donaahouansou
1596,16772705,"Angel Herberth Alarcon Zavala","2026-09-02 00:10:23",0.63011,1,angelherberthalarcon
1597,16636917,"Keyur P F","2026-08-01 20:00:30",0.62754,1,keyurpf
1598,16583276,"Javier Márquez","2026-07-30 19:08:29",0.62730,1,javiermrz
1599,16705384,Aaditya,"2026-08-11 12:00:15",0.62193,1,aaditya081
1600,16634101,EL9721,"2026-08-01 17:36:19",0.61187,1,el9721
1601,16771813,"JON ABBY","2026-08-26 15:32:45",0.60392,1,jonabby
1602,16641663,"H A S I L","2026-08-03 10:34:46",0.59480,1,haaazziy
1603,16791996,"Partha Sarathi","2026-08-30 08:36:03",0.56558,1,parthasarathi35
1604,16932969,youcine64,"2026-09-21 13:31:46",0.54570,1,youcine64
1605,15379085,Volodiya,"2026-08-10 10:41:34",0.53963,1,riminis
1606,16793015,wkdbskwsm,"2026-08-30 12:26:54",0.52186,2,wkdbskwsm
1607,16904060,Vishal_inv,"2026-09-16 04:16:36",0.50689,1,vishalinv
1608,15465799,Ritesh-2006,"2026-07-27 08:09:23",0.50596,4,ritesh2006
1609,16914813,st3beme,"2026-09-17 20:57:39",0.50596,6,st3beme
1610,16693964,"dokinka soup","2026-08-10 15:40:38",0.50128,3,dokinkasoup
1611,16602357,"Jeh Dadina","2026-07-26 16:21:06",0.49684,1,jehdadina
1612,16852014,"Xiao Zhiyan","2026-09-08 02:07:09",0.49473,1,xiaozhiyan
0,8717309,sample_submission.csv,"2022-02-11 14:09:06",0.49310,1,
1613,16480884,"Taichi Mizutani","2026-07-27 02:19:12",0.49310,1,tsugoyuvgyi
1614,16698006,"Julian Kaps","2026-08-09 22:52:49",0.49310,1,juliankaps
1615,16712180,"konishi tomohiro","2026-08-12 11:51:41",0.49310,2,konishitomohiro
1616,16742235,BHUMIKAGARG12,"2026-08-21 09:20:47",0.49310,3,bhumikagarg12
1617,16769891,"Aswitha Mullapudi","2026-08-25 09:13:35",0.49310,1,mullapudiaswitha
1618,16785852,Kodel-dev,"2026-08-28 21:12:14",0.49310,1,kodeldev
1619,16797313,"Subham Swagat Mohapatra","2026-09-01 00:09:33",0.49310,1,subhamswagat
1620,16871253,"jyothirmayee ammu","2026-09-11 06:41:35",0.49310,2,jyothirmayeeammu
1621,16918396,"Yashu Tati","2026-09-18 05:03:28",0.49310,1,yashutati
1622,16918465,"Parvathi Gogineni","2026-09-18 05:22:40",0.49310,1,parvathigogineni
1623,16921863,"ادم عبده","2026-09-18 17:01:14",0.49310,5,abdh778
1624,16923482,"Bashar Mohammed Ali ","2026-09-19 04:53:44",0.49310,1,basharmohammedali
1625,16838687,"Ayush Ghosh","2026-09-19 07:20:25",0.49310,1,ayushghosh8
1626,16929651,"Shehzad Baloch","2026-09-23 15:02:56",0.49310,1,shehzadbaloch
1627,16617277,AyanZeeshan11,"2026-07-30 05:43:18",0.42085,2,ayanzeeshan11
1628,16712691,"Jay Cheng","2026-08-12 14:42:21",0.25555,5,jayhaha
1629,16558842,"Andris Ruse","2026-07-27 04:06:46",0.00000,1,andrisruse
1630,16590777,"murat unsal","2026-07-27 13:54:30",0.00000,1,skyulf
1631,11255486,SandeepAlbertMathias,"2026-08-07 05:01:56",0.00000,1,sandeepmathias
1632,16672683,khiladikabaap,"2026-08-08 08:29:39",0.00000,1,khiladikabaap
1633,16688053,"Atharv Santosh","2026-08-09 00:42:27",0.00000,2,atharvsantosh
1634,16723152,"Manuk Mkheyan","2026-08-14 19:09:11",0.00000,1,manukmkheyan
1635,16893769,"André Carrillo Montero","2026-09-15 02:04:05",0.00000,1,andrcarrillomontero
